Date,Field,Location,Jobs_Predicted,Average_Salary_Predicted
2025-05-21,Data Scientist,Mumbai,14.954791908154512,1314005.737365978
2025-05-22,Data Scientist,Mumbai,14.873053285878964,1314760.737476628
2025-05-23,Data Scientist,Mumbai,14.873499061934877,1314987.9892327108
2025-05-24,Data Scientist,Mumbai,14.531483665258992,1328455.05599639
2025-05-25,Data Scientist,Mumbai,14.714200882005422,1315876.7790000383
2025-05-26,Data Scientist,Mumbai,14.974924587386425,1316214.3467402107
2025-05-27,Data Scientist,Mumbai,14.605518189989896,1317511.8160271028
2025-05-28,Data Scientist,Mumbai,14.962130257884425,1313999.844746197
2025-05-29,Data Scientist,Mumbai,14.880391635608339,1314754.844856844
2025-05-30,Data Scientist,Mumbai,14.880837411664768,1314982.0966128982
2025-05-31,Data Scientist,Mumbai,14.538822014988963,1328449.1633766172
2025-06-01,Data Scientist,Mumbai,14.721539231736147,1315870.886380248
2025-06-02,Data Scientist,Mumbai,14.982262937117094,1316208.45412041
2025-06-03,Data Scientist,Mumbai,14.612856539719044,1317505.9234073672
2025-06-04,Data Scientist,Mumbai,14.969468607613356,1313993.952126439
2025-06-05,Data Scientist,Mumbai,14.887729985338206,1314748.9522370778
2025-06-06,Data Scientist,Mumbai,14.888175761394894,1314976.2039931396
2025-06-07,Data Scientist,Mumbai,14.546160364717908,1328443.2707568503
2025-06-08,Data Scientist,Mumbai,14.728877581465863,1315864.9937604745
2025-06-09,Data Scientist,Mumbai,14.989601286846176,1316202.5615006583
2025-06-10,Data Scientist,Mumbai,14.620194889449035,1317500.0307875765
2025-06-11,Data Scientist,Mumbai,14.97680695734327,1313988.059506658
2025-06-12,Data Scientist,Mumbai,14.895068335067581,1314743.0596172938
2025-06-13,Data Scientist,Mumbai,14.895514111124186,1314970.3113733742
2025-06-14,Data Scientist,Mumbai,14.553498714448905,1328437.378137072
2025-06-15,Data Scientist,Mumbai,14.736215931194454,1315859.1011407347
2025-06-16,Data Scientist,Mumbai,14.996939636577109,1316196.6688808543
2025-06-17,Data Scientist,Mumbai,14.627533239179021,1317494.1381677857
2025-06-18,Data Scientist,Mumbai,14.984145307073216,1313982.166886902
2025-06-19,Data Scientist,Mumbai,14.902406684797446,1314737.1669975275
2025-05-21,Web and App Developer,Bangalore,8.907722545692781,1337444.0849009594
2025-05-22,Web and App Developer,Bangalore,8.702089810203262,1318174.306138687
2025-05-23,Web and App Developer,Bangalore,8.989892061627549,1320566.9233810792
2025-05-24,Web and App Developer,Bangalore,8.866498414675979,1325206.9619246633
2025-05-25,Web and App Developer,Bangalore,8.751997424179036,1325000.3381689568
2025-05-26,Web and App Developer,Bangalore,8.943853140515271,1334476.6773837563
2025-05-27,Web and App Developer,Bangalore,9.190535966489293,1309368.554521107
2025-05-28,Web and App Developer,Bangalore,8.916370331671663,1337576.9808373856
2025-05-29,Web and App Developer,Bangalore,8.710737596182586,1318307.2020750633
2025-05-30,Web and App Developer,Bangalore,8.998539847606152,1320699.8193174219
2025-05-31,Web and App Developer,Bangalore,8.875146200654898,1325339.857861119
2025-06-01,Web and App Developer,Bangalore,8.760645210158252,1325133.2341054368
2025-06-02,Web and App Developer,Bangalore,8.952500926494968,1334609.5733202253
2025-06-03,Web and App Developer,Bangalore,9.19918375246797,1309501.4504575331
2025-06-04,Web and App Developer,Bangalore,8.925018117652042,1337709.8767737886
2025-06-05,Web and App Developer,Bangalore,8.719385382161704,1318440.0980114993
2025-06-06,Web and App Developer,Bangalore,9.007187633585302,1320832.7152539087
2025-06-07,Web and App Developer,Bangalore,8.883793986633775,1325472.7537974953
2025-06-08,Web and App Developer,Bangalore,8.7692929961373,1325266.1300418512
2025-06-09,Web and App Developer,Bangalore,8.961148712474143,1334742.4692566171
2025-06-10,Web and App Developer,Bangalore,9.207831538447248,1309634.3463939677
2025-06-11,Web and App Developer,Bangalore,8.933665903630924,1337842.7727102148
2025-06-12,Web and App Developer,Bangalore,8.728033168141026,1318572.9939478755
2025-06-13,Web and App Developer,Bangalore,9.015835419564544,1320965.6111903181
2025-06-14,Web and App Developer,Bangalore,8.89244177261274,1325605.6497340305
2025-06-15,Web and App Developer,Bangalore,8.777940782116358,1325399.0259782635
2025-06-16,Web and App Developer,Bangalore,8.969796498452258,1334875.365193127
2025-06-17,Web and App Developer,Bangalore,9.216479324426526,1309767.2423304028
2025-06-18,Web and App Developer,Bangalore,8.942313689609522,1337975.668646672
2025-06-19,Web and App Developer,Bangalore,8.736680954120143,1318705.8898843117
2025-05-21,Data Scientist,Ahmedabad,13.165882343452969,1327323.140289198
2025-05-22,Data Scientist,Ahmedabad,14.011635866208783,1338595.1415362721
2025-05-23,Data Scientist,Ahmedabad,14.02304719437492,1335119.8786838944
2025-05-24,Data Scientist,Ahmedabad,13.323191868085765,1322587.7269125755
2025-05-25,Data Scientist,Ahmedabad,13.103573144691579,1332418.0350203295
2025-05-26,Data Scientist,Ahmedabad,13.060224514219522,1316288.7424229807
2025-05-27,Data Scientist,Ahmedabad,13.76918581970484,1338993.0451402673
2025-05-28,Data Scientist,Ahmedabad,13.15137481208504,1327559.6515978721
2025-05-29,Data Scientist,Ahmedabad,13.997128334842216,1338831.6528449834
2025-05-30,Data Scientist,Ahmedabad,14.008539663010023,1335356.389992654
2025-05-31,Data Scientist,Ahmedabad,13.308684336716473,1322824.2382212183
2025-06-01,Data Scientist,Ahmedabad,13.089065613322195,1332654.5463289623
2025-06-02,Data Scientist,Ahmedabad,13.045716982850609,1316525.2537316373
2025-06-03,Data Scientist,Ahmedabad,13.754678288336489,1339229.5564488997
2025-06-04,Data Scientist,Ahmedabad,13.136867280716604,1327796.1629065333
2025-06-05,Data Scientist,Ahmedabad,13.982620803474054,1339068.1641536287
2025-06-06,Data Scientist,Ahmedabad,13.994032131640074,1335592.901301258
2025-06-07,Data Scientist,Ahmedabad,13.294176805349135,1323060.7495299184
2025-06-08,Data Scientist,Ahmedabad,13.074558081954367,1332891.0576376296
2025-06-09,Data Scientist,Ahmedabad,13.031209451483377,1316761.765040304
2025-06-10,Data Scientist,Ahmedabad,13.74017075696821,1339466.0677575828
2025-06-11,Data Scientist,Ahmedabad,13.122359749348677,1328032.6742152073
2025-06-12,Data Scientist,Ahmedabad,13.968113272107487,1339304.6754623405
2025-06-13,Data Scientist,Ahmedabad,13.979524600272095,1335829.4126099304
2025-06-14,Data Scientist,Ahmedabad,13.279669273977888,1323297.2608385042
2025-06-15,Data Scientist,Ahmedabad,13.060050550586304,1333127.5689463012
2025-06-16,Data Scientist,Ahmedabad,13.016701920112565,1316998.276348946
2025-06-17,Data Scientist,Ahmedabad,13.725663225599927,1339702.5790662658
2025-06-18,Data Scientist,Ahmedabad,13.107852217979847,1328269.1855238306
2025-06-19,Data Scientist,Ahmedabad,13.953605740739324,1339541.1867709858
2025-05-21,Cloud Engineer,Kolkata,3.666646025751127,1265773.5833142956
2025-05-22,Cloud Engineer,Kolkata,3.422670932584816,1287412.2222684924
2025-05-23,Cloud Engineer,Kolkata,3.4571543527830433,1287845.8834778066
2025-05-24,Cloud Engineer,Kolkata,3.246826928159542,1310010.5911231856
2025-05-25,Cloud Engineer,Kolkata,3.8822084791488303,1334171.7729224367
2025-05-26,Cloud Engineer,Kolkata,3.536458894221122,1344087.6122870613
2025-05-27,Cloud Engineer,Kolkata,3.483282566053717,1315163.5438429476
2025-05-28,Cloud Engineer,Kolkata,3.668795601055448,1265754.1873042258
2025-05-29,Cloud Engineer,Kolkata,3.424820507889261,1287392.8262584566
2025-05-30,Cloud Engineer,Kolkata,3.4593039280879165,1287826.4874677598
2025-05-31,Cloud Engineer,Kolkata,3.2489765034637834,1309991.195113133
2025-06-01,Cloud Engineer,Kolkata,3.8843580544534215,1334152.376912359
2025-06-02,Cloud Engineer,Kolkata,3.53860846952624,1344068.2162769285
2025-06-03,Cloud Engineer,Kolkata,3.4854321413560876,1315144.147832904
2025-06-04,Cloud Engineer,Kolkata,3.670945176359199,1265734.7912942125
2025-06-05,Cloud Engineer,Kolkata,3.426970083192811,1287373.430248412
2025-06-06,Cloud Engineer,Kolkata,3.461453503391451,1287807.091457686
2025-06-07,Cloud Engineer,Kolkata,3.2511260787678493,1309971.7991031304
2025-06-08,Cloud Engineer,Kolkata,3.886507629757297,1334132.9809023393
2025-06-09,Cloud Engineer,Kolkata,3.5407580448291305,1344048.8202669038
2025-06-10,Cloud Engineer,Kolkata,3.487581716661039,1315124.7518227808
2025-06-11,Cloud Engineer,Kolkata,3.673094751663519,1265715.3952841423
2025-06-12,Cloud Engineer,Kolkata,3.429119658497256,1287354.0342383762
2025-06-13,Cloud Engineer,Kolkata,3.463603078695385,1287787.6954476445
2025-06-14,Cloud Engineer,Kolkata,3.2532756540722665,1309952.4030930279
2025-06-15,Cloud Engineer,Kolkata,3.888657205060636,1334113.584892194
2025-06-16,Cloud Engineer,Kolkata,3.542907620135296,1344029.4242568298
2025-06-17,Cloud Engineer,Kolkata,3.489731291965991,1315105.3558126583
2025-06-18,Cloud Engineer,Kolkata,3.6752443269666264,1265695.99927409
2025-06-19,Cloud Engineer,Kolkata,3.4312692338008057,1287334.6382283317
2025-05-21,Data Scientist,Bangalore,14.568968774142858,1365216.7363534768
2025-05-22,Data Scientist,Bangalore,13.82908138180858,1365436.1012336018
2025-05-23,Data Scientist,Bangalore,14.157980726558131,1364855.3799382648
2025-05-24,Data Scientist,Bangalore,14.158024727866588,1361513.7374379423
2025-05-25,Data Scientist,Bangalore,13.590823735225793,1374130.9186426613
2025-05-26,Data Scientist,Bangalore,14.262280732129861,1361380.10805263
2025-05-27,Data Scientist,Bangalore,13.796437693644592,1355357.0953580607
2025-05-28,Data Scientist,Bangalore,14.5638129835067,1365785.5986995597
2025-05-29,Data Scientist,Bangalore,13.823925591170987,1366004.9635796805
2025-05-30,Data Scientist,Bangalore,14.152824935918684,1365424.2422843557
2025-05-31,Data Scientist,Bangalore,14.152868937231357,1362082.5997840206
2025-06-01,Data Scientist,Bangalore,13.58566794459162,1374699.780988743
2025-06-02,Data Scientist,Bangalore,14.257124941495706,1361948.9703987173
2025-06-03,Data Scientist,Bangalore,13.791281903009146,1355925.957704102
2025-06-04,Data Scientist,Bangalore,14.558657192871136,1366354.4610455981
2025-06-05,Data Scientist,Bangalore,13.818769800535707,1366573.8259257444
2025-06-06,Data Scientist,Bangalore,14.147669145285173,1365993.1046304184
2025-06-07,Data Scientist,Bangalore,14.14771314659335,1362651.462130093
2025-06-08,Data Scientist,Bangalore,13.580512153955267,1375268.643334809
2025-06-09,Data Scientist,Bangalore,14.251969150859264,1362517.8327447604
2025-06-10,Data Scientist,Bangalore,13.786126112373477,1356494.820050192
2025-06-11,Data Scientist,Bangalore,14.553501402234973,1366923.3233916813
2025-06-12,Data Scientist,Bangalore,13.813614009898114,1367142.688271823
2025-06-13,Data Scientist,Bangalore,14.142513354648834,1366561.9669764864
2025-06-14,Data Scientist,Bangalore,14.142557355960891,1363220.3244761769
2025-06-15,Data Scientist,Bangalore,13.575356363319525,1375837.505680877
2025-06-16,Data Scientist,Bangalore,14.246813360224087,1363086.6950909018
2025-06-17,Data Scientist,Bangalore,13.780970321737804,1357063.6823962822
2025-06-18,Data Scientist,Bangalore,14.548345611600162,1367492.1857377426
2025-06-19,Data Scientist,Bangalore,13.808458219262832,1367711.550617887
2025-05-21,Data Scientist,Kolkata,13.861798196815766,1347616.4259425951
2025-05-22,Data Scientist,Kolkata,13.587816488837639,1347128.770591994
2025-05-23,Data Scientist,Kolkata,14.176902263621638,1331949.9224705491
2025-05-24,Data Scientist,Kolkata,14.464599394474014,1342249.742357719
2025-05-25,Data Scientist,Kolkata,13.955043834444291,1341171.3163366541
2025-05-26,Data Scientist,Kolkata,13.489266130554178,1331388.4692070584
2025-05-27,Data Scientist,Kolkata,14.078350283081488,1337496.3424426657
2025-05-28,Data Scientist,Kolkata,13.859165925796004,1347815.2191957277
2025-05-29,Data Scientist,Kolkata,13.585184217818641,1347327.5638451122
2025-05-30,Data Scientist,Kolkata,14.174269992600175,1332148.7157236931
2025-05-31,Data Scientist,Kolkata,14.46196712345423,1342448.5356108532
2025-06-01,Data Scientist,Kolkata,13.952411563424066,1341370.109589765
2025-06-02,Data Scientist,Kolkata,13.486633859534946,1331587.2624601605
2025-06-03,Data Scientist,Kolkata,14.07571801206177,1337695.135695826
2025-06-04,Data Scientist,Kolkata,13.856533654778163,1348014.012448834
2025-06-05,Data Scientist,Kolkata,13.582551946799043,1347526.3570982332
2025-06-06,Data Scientist,Kolkata,14.17163772158079,1332347.5089768174
2025-06-07,Data Scientist,Kolkata,14.459334852434845,1342647.3288640003
2025-06-08,Data Scientist,Kolkata,13.94977929240401,1341568.9028428935
2025-06-09,Data Scientist,Kolkata,13.484001588515513,1331786.0557133001
2025-06-10,Data Scientist,Kolkata,14.073085741042751,1337893.928948955
2025-06-11,Data Scientist,Kolkata,13.8539013837584,1348212.8057019666
2025-06-12,Data Scientist,Kolkata,13.579919675780047,1347725.1503513516
2025-06-13,Data Scientist,Kolkata,14.169005450561967,1332546.3022299476
2025-06-14,Data Scientist,Kolkata,14.456702581414653,1342846.1221171208
2025-06-15,Data Scientist,Kolkata,13.94714702138705,1341767.6960960536
2025-06-16,Data Scientist,Kolkata,13.481369317495304,1331984.8489664304
2025-06-17,Data Scientist,Kolkata,14.070453470023734,1338092.7222020838
2025-06-18,Data Scientist,Kolkata,13.85126911273811,1348411.5989551095
2025-06-19,Data Scientist,Kolkata,13.577287404760447,1347923.943604472
2025-05-21,Data Scientist,Chennai,14.343374151246847,1302967.2631508699
2025-05-22,Data Scientist,Chennai,14.848907658387942,1297807.1524482956
2025-05-23,Data Scientist,Chennai,15.026575929568184,1278570.4906033499
2025-05-24,Data Scientist,Chennai,15.88729784573779,1303737.4388456664
2025-05-25,Data Scientist,Chennai,15.461445421181178,1317714.996322624
2025-05-26,Data Scientist,Chennai,14.655516994468991,1310477.027969144
2025-05-27,Data Scientist,Chennai,14.600947385038825,1315420.1456057713
2025-05-28,Data Scientist,Chennai,14.3551225497014,1302657.059257971
2025-05-29,Data Scientist,Chennai,14.860656056842878,1297496.9485554001
2025-05-30,Data Scientist,Chennai,15.038324328021282,1278260.2867104746
2025-05-31,Data Scientist,Chennai,15.899046244192297,1303427.2349527844
2025-06-01,Data Scientist,Chennai,15.473193819634153,1317404.7924297028
2025-06-02,Data Scientist,Chennai,14.667265392921495,1310166.824076201
2025-06-03,Data Scientist,Chennai,14.61269578349472,1315109.9417129129
2025-06-04,Data Scientist,Chennai,14.366870948155688,1302346.8553651094
2025-06-05,Data Scientist,Chennai,14.872404455297666,1297186.7446624925
2025-06-06,Data Scientist,Chennai,15.050072726475857,1277950.0828175663
2025-06-07,Data Scientist,Chennai,15.910794642648018,1303117.031059943
2025-06-08,Data Scientist,Chennai,15.484942218088555,1317094.5885368253
2025-06-09,Data Scientist,Chennai,14.679013791376727,1309856.620183335
2025-06-10,Data Scientist,Chennai,14.624444181948558,1314799.7378200039
2025-06-11,Data Scientist,Chennai,14.378619346610245,1302036.6514722102
2025-06-12,Data Scientist,Chennai,14.884152853752607,1296876.5407695968
2025-06-13,Data Scientist,Chennai,15.061821124931194,1277639.878924687
2025-06-14,Data Scientist,Chennai,15.92254304110131,1302806.8271670206
2025-06-15,Data Scientist,Chennai,15.496690616545926,1316784.3846439302
2025-06-16,Data Scientist,Chennai,14.690762189831648,1309546.416290421
2025-06-17,Data Scientist,Chennai,14.636192580402398,1314489.5339270947
2025-06-18,Data Scientist,Chennai,14.390367745065285,1301726.447579319
2025-06-19,Data Scientist,Chennai,14.895901252207393,1296566.3368766895
2025-05-21,Software Developer,Bangalore,10.929084846646765,1311298.6062807417
2025-05-22,Software Developer,Bangalore,11.189913017097515,1317338.238969448
2025-05-23,Software Developer,Bangalore,10.902870219330978,1311010.8073880984
2025-05-24,Software Developer,Bangalore,11.026730597784184,1311073.3407500833
2025-05-25,Software Developer,Bangalore,10.501862142956035,1325915.3808001399
2025-05-26,Software Developer,Bangalore,10.557247803658068,1329102.6172938955
2025-05-27,Software Developer,Bangalore,10.968745136439802,1316039.0741579947
2025-05-28,Software Developer,Bangalore,10.928246828762083,1311185.00037931
2025-05-29,Software Developer,Bangalore,11.189074999212805,1317224.6330680144
2025-05-30,Software Developer,Bangalore,10.90203220144682,1310897.2014866928
2025-05-31,Software Developer,Bangalore,11.025892579899251,1310959.7348486541
2025-06-01,Software Developer,Bangalore,10.5010241250705,1325801.7748987123
2025-06-02,Software Developer,Bangalore,10.556409785772287,1328989.0113924495
2025-06-03,Software Developer,Bangalore,10.96790711855677,1315925.4682565527
2025-06-04,Software Developer,Bangalore,10.92740881087735,1311071.3944778594
2025-06-05,Software Developer,Bangalore,11.188236981328325,1317111.0271665796
2025-06-06,Software Developer,Bangalore,10.90119418356206,1310783.5955852498
2025-06-07,Software Developer,Bangalore,11.025054562015068,1310846.1289472291
2025-06-08,Software Developer,Bangalore,10.500186107186025,1325688.168997289
2025-06-09,Software Developer,Bangalore,10.555571767888829,1328875.4054910108
2025-06-10,Software Developer,Bangalore,10.96706910067167,1315811.862355107
2025-06-11,Software Developer,Bangalore,10.926570792992667,1310957.7885764278
2025-06-12,Software Developer,Bangalore,11.187398963443615,1316997.4212651462
2025-06-13,Software Developer,Bangalore,10.900356165677588,1310669.9896838097
2025-06-14,Software Developer,Bangalore,11.02421654412939,1310732.523045796
2025-06-15,Software Developer,Bangalore,10.499348089302567,1325574.5630958066
2025-06-16,Software Developer,Bangalore,10.55473375000207,1328761.7995896004
2025-06-17,Software Developer,Bangalore,10.966231082786573,1315698.2564536605
2025-06-18,Software Developer,Bangalore,10.925732775108685,1310844.1826749966
2025-06-19,Software Developer,Bangalore,11.186560945559133,1316883.8153637112
2025-05-21,Cybersecurity Engineer,Ahmedabad,9.732907854636341,1368622.661670687
2025-05-22,Cybersecurity Engineer,Ahmedabad,9.719211016524042,1376726.141462366
2025-05-23,Cybersecurity Engineer,Ahmedabad,9.554829305245006,1365288.8846179675
2025-05-24,Cybersecurity Engineer,Ahmedabad,9.458940814658357,1377354.324528829
2025-05-25,Cybersecurity Engineer,Ahmedabad,9.891606211348492,1381113.4252914754
2025-05-26,Cybersecurity Engineer,Ahmedabad,9.234073608350021,1371971.1597844579
2025-05-27,Cybersecurity Engineer,Ahmedabad,9.699827399637766,1373474.802514864
2025-05-28,Cybersecurity Engineer,Ahmedabad,9.727226588000747,1369518.1071007212
2025-05-29,Cybersecurity Engineer,Ahmedabad,9.713529749889002,1377621.5868924018
2025-05-30,Cybersecurity Engineer,Ahmedabad,9.5491480386109,1366184.330048024
2025-05-31,Cybersecurity Engineer,Ahmedabad,9.453259548022276,1378249.769958862
2025-06-01,Cybersecurity Engineer,Ahmedabad,9.88592494471204,1382008.8707214813
2025-06-02,Cybersecurity Engineer,Ahmedabad,9.228392341714224,1372866.6052144475
2025-06-03,Cybersecurity Engineer,Ahmedabad,9.694146133000848,1374370.2479449227
2025-06-04,Cybersecurity Engineer,Ahmedabad,9.721545321364566,1370413.5525307406
2025-06-05,Cybersecurity Engineer,Ahmedabad,9.707848483252395,1378517.0323224291
2025-06-06,Cybersecurity Engineer,Ahmedabad,9.543466771973737,1367079.7754780408
2025-06-07,Cybersecurity Engineer,Ahmedabad,9.447578281387228,1379145.2153889262
2025-06-08,Cybersecurity Engineer,Ahmedabad,9.880243678076004,1382904.316151521
2025-06-09,Cybersecurity Engineer,Ahmedabad,9.222711075077864,1373762.0506444967
2025-06-10,Cybersecurity Engineer,Ahmedabad,9.688464866365777,1375265.6933749411
2025-06-11,Cybersecurity Engineer,Ahmedabad,9.715864054728971,1371308.997960775
2025-06-12,Cybersecurity Engineer,Ahmedabad,9.702167216617353,1379412.4777524653
2025-06-13,Cybersecurity Engineer,Ahmedabad,9.53778550533802,1367975.2209080793
2025-06-14,Cybersecurity Engineer,Ahmedabad,9.441897014750117,1380040.6608189282
2025-06-15,Cybersecurity Engineer,Ahmedabad,9.874562411440602,1383799.7615815664
2025-06-16,Cybersecurity Engineer,Ahmedabad,9.217029808442769,1374657.4960745233
2025-06-17,Cybersecurity Engineer,Ahmedabad,9.682783599730703,1376161.1388049598
2025-06-18,Cybersecurity Engineer,Ahmedabad,9.710182788091995,1372204.4433908155
2025-06-19,Cybersecurity Engineer,Ahmedabad,9.696485949980744,1380307.9231824924
2025-05-21,Software Developer,Hyderabad,10.939140894309501,1347071.8903664239
2025-05-22,Software Developer,Hyderabad,11.160138080990393,1349218.8211476856
2025-05-23,Software Developer,Hyderabad,10.497095814803048,1339600.9218014432
2025-05-24,Software Developer,Hyderabad,11.394935516505585,1324225.2421024144
2025-05-25,Software Developer,Hyderabad,11.310751872226522,1327781.3782843477
2025-05-26,Software Developer,Hyderabad,11.407428024084076,1333707.3721962692
2025-05-27,Software Developer,Hyderabad,10.75819634677377,1331335.1108761246
2025-05-28,Software Developer,Hyderabad,10.937753925693832,1347329.7628991085
2025-05-29,Software Developer,Hyderabad,11.158751112373556,1349476.6936803514
2025-05-30,Software Developer,Hyderabad,10.495708846186577,1339858.794334163
2025-05-31,Software Developer,Hyderabad,11.393548547890674,1324483.1146350894
2025-06-01,Software Developer,Hyderabad,11.30936490361053,1328039.250817041
2025-06-02,Software Developer,Hyderabad,11.40604105546631,1333965.2447289615
2025-06-03,Software Developer,Hyderabad,10.756809378160785,1331592.9834087929
2025-06-04,Software Developer,Hyderabad,10.936366957077222,1347587.6354317372
2025-06-05,Software Developer,Hyderabad,11.157364143758352,1349734.5662130245
2025-06-06,Software Developer,Hyderabad,10.494321877571895,1340116.6668668343
2025-06-07,Software Developer,Hyderabad,11.39216157927573,1324740.9871677472
2025-06-08,Software Developer,Hyderabad,11.307977934995403,1328297.1233497162
2025-06-09,Software Developer,Hyderabad,11.40465408685172,1334223.117261625
2025-06-10,Software Developer,Hyderabad,10.755422409543808,1331850.8559414777
2025-06-11,Software Developer,Hyderabad,10.934979988461551,1347845.5079644218
2025-06-12,Software Developer,Hyderabad,11.155977175141516,1349992.4387456905
2025-06-13,Software Developer,Hyderabad,10.492934908956295,1340374.5393994916
2025-06-14,Software Developer,Hyderabad,11.39077461066085,1324998.8597004402
2025-06-15,Software Developer,Hyderabad,11.30659096637995,1328554.9958823635
2025-06-16,Software Developer,Hyderabad,11.40326711823635,1334480.9897943162
2025-06-17,Software Developer,Hyderabad,10.75403544092683,1332108.7284741628
2025-06-18,Software Developer,Hyderabad,10.933593019847892,1348103.380497106
2025-06-19,Software Developer,Hyderabad,11.154590206526311,1350250.3112783637
2025-05-21,Cybersecurity Engineer,Gurgaon,9.879668945616782,1303398.1319414838
2025-05-22,Cybersecurity Engineer,Gurgaon,10.482362593298458,1307983.4351599365
2025-05-23,Cybersecurity Engineer,Gurgaon,10.74260883995837,1313113.2295815465
2025-05-24,Cybersecurity Engineer,Gurgaon,10.646708534937037,1297679.0200198886
2025-05-25,Cybersecurity Engineer,Gurgaon,10.793948399117294,1305039.4759017276
2025-05-26,Cybersecurity Engineer,Gurgaon,11.382948544110457,1305737.9443840433
2025-05-27,Cybersecurity Engineer,Gurgaon,11.150073336116597,1309834.3093556622
2025-05-28,Cybersecurity Engineer,Gurgaon,9.889851065644153,1303122.799225191
2025-05-29,Cybersecurity Engineer,Gurgaon,10.492544713327048,1307708.1024436625
2025-05-30,Cybersecurity Engineer,Gurgaon,10.752790959986912,1312837.8968652915
2025-05-31,Cybersecurity Engineer,Gurgaon,10.656890654964274,1297403.687303581
2025-06-01,Cybersecurity Engineer,Gurgaon,10.804130519144598,1304764.143185435
2025-06-02,Cybersecurity Engineer,Gurgaon,11.393130664137136,1305462.6116677655
2025-06-03,Cybersecurity Engineer,Gurgaon,11.160255456144322,1309558.9766393278
2025-06-04,Cybersecurity Engineer,Gurgaon,9.900033185673294,1302847.4665088945
2025-06-05,Cybersecurity Engineer,Gurgaon,10.502726833355236,1307432.7697273612
2025-06-06,Cybersecurity Engineer,Gurgaon,10.762973080014026,1312562.5641489713
2025-06-07,Cybersecurity Engineer,Gurgaon,10.667072774992654,1297128.3545872828
2025-06-08,Cybersecurity Engineer,Gurgaon,10.81431263917311,1304488.8104691394
2025-06-09,Cybersecurity Engineer,Gurgaon,11.403312784165877,1305187.2789514577
2025-06-10,Cybersecurity Engineer,Gurgaon,11.170437576170743,1309283.643923042
2025-06-11,Cybersecurity Engineer,Gurgaon,9.910215305700662,1302572.1337926018
2025-06-12,Cybersecurity Engineer,Gurgaon,10.512908953383826,1307157.437011087
2025-06-13,Cybersecurity Engineer,Gurgaon,10.773155200041996,1312287.2314326714
2025-06-14,Cybersecurity Engineer,Gurgaon,10.677254895018745,1296853.0218709654
2025-06-15,Cybersecurity Engineer,Gurgaon,10.82449475919879,1304213.4777528157
2025-06-16,Cybersecurity Engineer,Gurgaon,11.413494904191333,1304911.9462351594
2025-06-17,Cybersecurity Engineer,Gurgaon,11.180619696197164,1309008.3112067562
2025-06-18,Cybersecurity Engineer,Gurgaon,9.920397425728176,1302296.8010762802
2025-06-19,Cybersecurity Engineer,Gurgaon,10.523091073412019,1306882.104294786
2025-05-21,Data Scientist,Pune,13.634323953179013,1297472.4028475594
2025-05-22,Data Scientist,Pune,13.447577498658655,1284165.2490043684
2025-05-23,Data Scientist,Pune,13.865670890475537,1312638.1267850073
2025-05-24,Data Scientist,Pune,12.845608368864388,1292784.800169214
2025-05-25,Data Scientist,Pune,13.727973896405354,1292298.778472937
2025-05-26,Data Scientist,Pune,13.191755618760869,1282640.157870881
2025-05-27,Data Scientist,Pune,13.488869854723552,1302268.1577573621
2025-05-28,Data Scientist,Pune,13.624697328403965,1296757.1842547215
2025-05-29,Data Scientist,Pune,13.437950873884569,1283450.0304115687
2025-05-30,Data Scientist,Pune,13.856044265702343,1311922.9081921547
2025-05-31,Data Scientist,Pune,12.835981744088446,1292069.5815763602
2025-06-01,Data Scientist,Pune,13.718347271630591,1291583.5598801118
2025-06-02,Data Scientist,Pune,13.182128993987828,1281924.9392781178
2025-06-03,Data Scientist,Pune,13.479243229944073,1301552.9391644401
2025-06-04,Data Scientist,Pune,13.615070703627936,1296041.9656619339
2025-06-05,Data Scientist,Pune,13.428324249108133,1282734.8118187198
2025-06-06,Data Scientist,Pune,13.846417640925196,1311207.6895993014
2025-06-07,Data Scientist,Pune,12.826355119312513,1291354.3629835013
2025-06-08,Data Scientist,Pune,13.708720646854534,1290868.3412872527
2025-06-09,Data Scientist,Pune,13.172502369210113,1281209.720685243
2025-06-10,Data Scientist,Pune,13.469616605170437,1300837.7205716514
2025-06-11,Data Scientist,Pune,13.605444078852885,1295326.7470690962
2025-06-12,Data Scientist,Pune,13.418697624334047,1282019.59322592
2025-06-13,Data Scientist,Pune,13.836791016149357,1310492.4710064724
2025-06-14,Data Scientist,Pune,12.816728494536566,1290639.144390653
2025-06-15,Data Scientist,Pune,13.69909402207775,1290153.1226944383
2025-06-16,Data Scientist,Pune,13.162875744437164,1280494.5020924166
2025-06-17,Data Scientist,Pune,13.4599899803968,1300122.5019788626
2025-06-18,Data Scientist,Pune,13.595817454074911,1294611.5284761942
2025-06-19,Data Scientist,Pune,13.409070999557612,1281304.3746330712
2025-05-21,Data Scientist,Noida,13.503851764919894,1329405.0963363503
2025-05-22,Data Scientist,Noida,13.408438656831112,1326151.6004706223
2025-05-23,Data Scientist,Noida,13.545840944053886,1327994.560853689
2025-05-24,Data Scientist,Noida,14.409099959554807,1318700.2177608903
2025-05-25,Data Scientist,Noida,13.54977938460415,1335062.9696331818
2025-05-26,Data Scientist,Noida,14.248706177621964,1337337.775716216
2025-05-27,Data Scientist,Noida,13.20831597732259,1314985.8042523123
2025-05-28,Data Scientist,Noida,13.496375773470245,1329388.7222883462
2025-05-29,Data Scientist,Noida,13.400962665379884,1326135.226422598
2025-05-30,Data Scientist,Noida,13.538364952600094,1327978.1868056762
2025-05-31,Data Scientist,Noida,14.40162396810648,1318683.8437128915
2025-06-01,Data Scientist,Noida,13.542303393155644,1335046.5955852098
2025-06-02,Data Scientist,Noida,14.241230186171851,1337321.4016682396
2025-06-03,Data Scientist,Noida,13.200839985876222,1314969.4302042588
2025-06-04,Data Scientist,Noida,13.488899782021129,1329372.3482402922
2025-06-05,Data Scientist,Noida,13.393486673931983,1326118.8523745856
2025-06-06,Data Scientist,Noida,13.530888961153797,1327961.8127576753
2025-06-07,Data Scientist,Noida,14.394147976656196,1318667.4696648517
2025-06-08,Data Scientist,Noida,13.534827401706545,1335030.2215371935
2025-06-09,Data Scientist,Noida,14.233754194723518,1337305.0276201845
2025-06-10,Data Scientist,Noida,13.193363994425468,1314953.0561562576
2025-06-11,Data Scientist,Noida,13.48142379057148,1329355.974192288
2025-06-12,Data Scientist,Noida,13.386010682480757,1326102.4783265612
2025-06-13,Data Scientist,Noida,13.523412969704573,1327945.438709645
2025-06-14,Data Scientist,Noida,14.38667198520982,1318651.0956168938
2025-06-15,Data Scientist,Noida,13.527351410258046,1335013.8474891293
2025-06-16,Data Scientist,Noida,14.22627820327431,1337288.6535722616
2025-06-17,Data Scientist,Noida,13.185888002974712,1314936.6821082565
2025-06-18,Data Scientist,Noida,13.473947799124893,1329339.6001442762
2025-06-19,Data Scientist,Noida,13.37853469103285,1326086.1042785486
2025-05-21,Cybersecurity Engineer,Noida,10.85850403271646,1367254.6221664294
2025-05-22,Cybersecurity Engineer,Noida,10.58452237271473,1370316.0545909582
2025-05-23,Cybersecurity Engineer,Noida,10.844735455332058,1391065.7469602518
2025-05-24,Cybersecurity Engineer,Noida,10.76251608570901,1372934.8284163189
2025-05-25,Cybersecurity Engineer,Noida,10.279248166710943,1346789.9265135142
2025-05-26,Cybersecurity Engineer,Noida,9.703927053875146,1361707.3958380616
2025-05-27,Cybersecurity Engineer,Noida,10.347662718481043,1382265.715768939
2025-05-28,Cybersecurity Engineer,Noida,10.868121830984652,1368379.2869686233
2025-05-29,Cybersecurity Engineer,Noida,10.594140170982968,1371440.719393181
2025-05-30,Cybersecurity Engineer,Noida,10.854353253599319,1392190.4117624385
2025-05-31,Cybersecurity Engineer,Noida,10.772133883976831,1374059.4932184955
2025-06-01,Cybersecurity Engineer,Noida,10.288865964978644,1347914.5913157114
2025-06-02,Cybersecurity Engineer,Noida,9.713544852144006,1362832.0606402892
2025-06-03,Cybersecurity Engineer,Noida,10.35728051674875,1383390.3805711376
2025-06-04,Cybersecurity Engineer,Noida,10.877739629252593,1369503.9517708765
2025-06-05,Cybersecurity Engineer,Noida,10.603757969250733,1372565.384195398
2025-06-06,Cybersecurity Engineer,Noida,10.863971051867383,1393315.076564643
2025-06-07,Cybersecurity Engineer,Noida,10.781751682244533,1375184.1580206754
2025-06-08,Cybersecurity Engineer,Noida,10.298483763245926,1349039.2561179094
2025-06-09,Cybersecurity Engineer,Noida,9.723162650411606,1363956.725442514
2025-06-10,Cybersecurity Engineer,Noida,10.366898315017883,1384515.0453733439
2025-06-11,Cybersecurity Engineer,Noida,10.887357427520785,1370628.6165730704
2025-06-12,Cybersecurity Engineer,Noida,10.61337576751897,1373690.0489976213
2025-06-13,Cybersecurity Engineer,Noida,10.873588850135636,1394439.741366853
2025-06-14,Cybersecurity Engineer,Noida,10.79136948051248,1376308.8228228488
2025-06-15,Cybersecurity Engineer,Noida,10.308101561516606,1350163.9209201382
2025-06-16,Cybersecurity Engineer,Noida,9.732780448679963,1365081.3902446185
2025-06-17,Cybersecurity Engineer,Noida,10.37651611328702,1385639.7101755503
2025-06-18,Cybersecurity Engineer,Noida,10.896975225788315,1371753.281375259
2025-06-19,Cybersecurity Engineer,Noida,10.622993565786736,1374814.7137998384
2025-05-21,Data Scientist,Gurgaon,14.23427033711309,1338855.205947185
2025-05-22,Data Scientist,Gurgaon,13.33055205946022,1354810.5218109116
2025-05-23,Data Scientist,Gurgaon,13.289947604774039,1360614.76623533
2025-05-24,Data Scientist,Gurgaon,13.961741708271244,1343789.2880843235
2025-05-25,Data Scientist,Gurgaon,14.291965310538199,1370026.2122466492
2025-05-26,Data Scientist,Gurgaon,13.703348280221945,1351380.5266701104
2025-05-27,Data Scientist,Gurgaon,13.484629301087748,1345132.5490138745
2025-05-28,Data Scientist,Gurgaon,14.224914015240786,1339500.9648452492
2025-05-29,Data Scientist,Gurgaon,13.321195737586976,1355456.2807090045
2025-05-30,Data Scientist,Gurgaon,13.280591282899337,1361260.525133457
2025-05-31,Data Scientist,Gurgaon,13.95238538639989,1344435.046982361
2025-06-01,Data Scientist,Gurgaon,14.282608988666547,1370671.9711446962
2025-06-02,Data Scientist,Gurgaon,13.693991958350543,1352026.2855681712
2025-06-03,Data Scientist,Gurgaon,13.475272979214994,1345778.3079118456
2025-06-04,Data Scientist,Gurgaon,14.215557693368597,1340146.7237432534
2025-06-05,Data Scientist,Gurgaon,13.311839415714157,1356102.039607038
2025-06-06,Data Scientist,Gurgaon,13.271234961028005,1361906.2840314538
2025-06-07,Data Scientist,Gurgaon,13.943029064527321,1345080.8058804243
2025-06-08,Data Scientist,Gurgaon,14.273252666793622,1371317.730042743
2025-06-09,Data Scientist,Gurgaon,13.684635636476974,1352672.0444661786
2025-06-10,Data Scientist,Gurgaon,13.4659166573436,1346424.0668099122
2025-06-11,Data Scientist,Gurgaon,14.206201371496293,1340792.4826413176
2025-06-12,Data Scientist,Gurgaon,13.30248309384091,1356747.7985051307
2025-06-13,Data Scientist,Gurgaon,13.261878639155766,1362552.042929498
2025-06-14,Data Scientist,Gurgaon,13.933672742657178,1345726.5647784357
2025-06-15,Data Scientist,Gurgaon,14.263896344922461,1371963.4889407519
2025-06-16,Data Scientist,Gurgaon,13.675279314607872,1353317.8033643044
2025-06-17,Data Scientist,Gurgaon,13.456560335472203,1347069.825707979
2025-06-18,Data Scientist,Gurgaon,14.19684504962385,1341438.2415393225
2025-06-19,Data Scientist,Gurgaon,13.293126771968092,1357393.557403164
2025-05-21,Software Developer,Ahmedabad,10.682763966553958,1342943.338289869
2025-05-22,Software Developer,Ahmedabad,10.875622177423955,1338588.1967266237
2025-05-23,Software Developer,Ahmedabad,10.778977704351979,1344113.9091569434
2025-05-24,Software Developer,Ahmedabad,10.958048956724955,1350760.6728452465
2025-05-25,Software Developer,Ahmedabad,10.943271562339154,1338566.2359817035
2025-05-26,Software Developer,Ahmedabad,10.984490484194405,1315466.0660476713
2025-05-27,Software Developer,Ahmedabad,10.722422498209873,1343918.7719882503
2025-05-28,Software Developer,Ahmedabad,10.680922520469542,1343114.0281780204
2025-05-29,Software Developer,Ahmedabad,10.87378073133935,1338758.8866147979
2025-05-30,Software Developer,Ahmedabad,10.777136258267419,1344284.5990450867
2025-05-31,Software Developer,Ahmedabad,10.956207510640645,1350931.362733385
2025-06-01,Software Developer,Ahmedabad,10.941430116254619,1338736.9258698167
2025-06-02,Software Developer,Ahmedabad,10.982649038109345,1315636.755935817
2025-06-03,Software Developer,Ahmedabad,10.720581052126024,1344089.4618764021
2025-06-04,Software Developer,Ahmedabad,10.679081074384733,1343284.7180661976
2025-06-05,Software Developer,Ahmedabad,10.871939285255124,1338929.5765029353
2025-06-06,Software Developer,Ahmedabad,10.775294812183175,1344455.2889332187
2025-06-07,Software Developer,Ahmedabad,10.95436606455639,1351102.052621558
2025-06-08,Software Developer,Ahmedabad,10.93958867017036,1338907.6157579527
2025-06-09,Software Developer,Ahmedabad,10.980807592025174,1315807.4458239758
2025-06-10,Software Developer,Ahmedabad,10.718739606041122,1344260.1517645766
2025-06-11,Software Developer,Ahmedabad,10.677239628300315,1343455.407954349
2025-06-12,Software Developer,Ahmedabad,10.870097839170523,1339100.2663911094
2025-06-13,Software Developer,Ahmedabad,10.77345336609875,1344625.9788213896
2025-06-14,Software Developer,Ahmedabad,10.95252461847203,1351272.7425096624
2025-06-15,Software Developer,Ahmedabad,10.937747224085806,1339078.3056461941
2025-06-16,Software Developer,Ahmedabad,10.978966145940882,1315978.1357121014
2025-06-17,Software Developer,Ahmedabad,10.716898159956221,1344430.841652751
2025-06-18,Software Developer,Ahmedabad,10.675398182216398,1343626.0978424735
2025-06-19,Software Developer,Ahmedabad,10.868256393086298,1339270.9562792468
2025-05-21,Software Developer,Mumbai,11.404161017966564,1329418.3329221343
2025-05-22,Software Developer,Mumbai,12.856138115160261,1332648.0598141118
2025-05-23,Software Developer,Mumbai,11.143961098279043,1329481.188719711
2025-05-24,Software Developer,Mumbai,11.102895401309432,1333723.2541340913
2025-05-25,Software Developer,Mumbai,12.279287463085062,1344412.072238878
2025-05-26,Software Developer,Mumbai,12.347807776801194,1341815.2549994134
2025-05-27,Software Developer,Mumbai,11.745142681358624,1326450.8053700465
2025-05-28,Software Developer,Mumbai,11.416427711885785,1329533.2532305208
2025-05-29,Software Developer,Mumbai,12.868404809079186,1332762.9801224885
2025-05-30,Software Developer,Mumbai,11.156227792204348,1329596.1090280947
2025-05-31,Software Developer,Mumbai,11.115162095227907,1333838.1744424838
2025-06-01,Software Developer,Mumbai,12.29155415700242,1344526.9925472697
2025-06-02,Software Developer,Mumbai,12.360074470716045,1341930.1753077891
2025-06-03,Software Developer,Mumbai,11.757409375278781,1326565.725678424
2025-06-04,Software Developer,Mumbai,11.428694405800579,1329648.1735388783
2025-06-05,Software Developer,Mumbai,12.880671502997448,1332877.9004308716
2025-06-06,Software Developer,Mumbai,11.168494486120512,1329711.0293364802
2025-06-07,Software Developer,Mumbai,11.12742878914891,1333953.0947508686
2025-06-08,Software Developer,Mumbai,12.303820850922564,1344641.9128556554
2025-06-09,Software Developer,Mumbai,12.372341164635882,1342045.0956161593
2025-06-10,Software Developer,Mumbai,11.769676069195535,1326680.6459867998
2025-06-11,Software Developer,Mumbai,11.440961099719798,1329763.0938472648
2025-06-12,Software Developer,Mumbai,12.892938196916372,1332992.8207392485
2025-06-13,Software Developer,Mumbai,11.180761180038445,1329825.9496448583
2025-06-14,Software Developer,Mumbai,11.139695483064857,1334068.0150592686
2025-06-15,Software Developer,Mumbai,12.316087544837412,1344756.8331640146
2025-06-16,Software Developer,Mumbai,12.384607858554238,1342160.01592459
2025-06-17,Software Developer,Mumbai,11.781942763112289,1326795.5662951758
2025-06-18,Software Developer,Mumbai,11.453227793639597,1329878.0141556554
2025-06-19,Software Developer,Mumbai,12.905204890834636,1333107.7410476317
2025-05-21,Cloud Engineer,Pune,3.2541481652342292,1365769.7982828892
2025-05-22,Cloud Engineer,Pune,3.6370714074081287,1336530.7522552558
2025-05-23,Cloud Engineer,Pune,3.2756373104199654,1338131.1550941695
2025-05-24,Cloud Engineer,Pune,3.2043903014696284,1296268.1014462817
2025-05-25,Cloud Engineer,Pune,3.338811950229052,1314505.4105269143
2025-05-26,Cloud Engineer,Pune,3.276445838495234,1333944.110730673
2025-05-27,Cloud Engineer,Pune,3.3365339087333385,1311634.819109371
2025-05-28,Cloud Engineer,Pune,3.254697280299907,1365879.0182156193
2025-05-29,Cloud Engineer,Pune,3.637620522473897,1336639.972187923
2025-05-30,Cloud Engineer,Pune,3.276186425487198,1338240.3750268843
2025-05-31,Cloud Engineer,Pune,3.2049394165349465,1296377.321379018
2025-06-01,Cloud Engineer,Pune,3.339361065294042,1314614.6304597405
2025-06-02,Cloud Engineer,Pune,3.2769949535598544,1334053.3306635271
2025-06-03,Cloud Engineer,Pune,3.337083023799255,1311744.0390419916
2025-06-04,Cloud Engineer,Pune,3.255246395364574,1365988.2381482564
2025-06-05,Cloud Engineer,Pune,3.6381696375393053,1336749.19212063
2025-06-06,Cloud Engineer,Pune,3.2767355405519827,1338349.5949596374
2025-06-07,Cloud Engineer,Pune,3.2054885316010746,1296486.5413116275
2025-06-08,Cloud Engineer,Pune,3.339910180359841,1314723.8503924303
2025-06-09,Cloud Engineer,Pune,3.2775440686257733,1334162.5505961438
2025-06-10,Cloud Engineer,Pune,3.3376321388644508,1311853.2589747678
2025-06-11,Cloud Engineer,Pune,3.2557955104302527,1366097.4580809863
2025-06-12,Cloud Engineer,Pune,3.6387187526050733,1336858.4120532973
2025-06-13,Cloud Engineer,Pune,3.2772846556174167,1338458.814892298
2025-06-14,Cloud Engineer,Pune,3.206037646665583,1296595.761244491
2025-06-15,Cloud Engineer,Pune,3.3404592954249797,1314833.0703250507
2025-06-16,Cloud Engineer,Pune,3.2780931836908196,1334271.7705289968
2025-06-17,Cloud Engineer,Pune,3.338181253929647,1311962.478907544
2025-06-18,Cloud Engineer,Pune,3.256344625495931,1366206.678013695
2025-06-19,Cloud Engineer,Pune,3.639267867670481,1336967.631986004
2025-05-21,Data Scientist,Hyderabad,13.820480964462345,1304968.1097165628
2025-05-22,Data Scientist,Hyderabad,15.354057940597281,1292481.6006882717
2025-05-23,Data Scientist,Hyderabad,14.200057624766291,1287484.2547247282
2025-05-24,Data Scientist,Hyderabad,13.8876245496554,1291624.073153843
2025-05-25,Data Scientist,Hyderabad,14.148761667303539,1281552.956755265
2025-05-26,Data Scientist,Hyderabad,14.66432052483948,1290067.1841680743
2025-05-27,Data Scientist,Hyderabad,14.62336175283814,1317129.2093834495
2025-05-28,Data Scientist,Hyderabad,13.822279734599794,1304335.0261704384
2025-05-29,Data Scientist,Hyderabad,15.35585671073518,1291848.517142162
2025-05-30,Data Scientist,Hyderabad,14.201856394909113,1286851.1711786194
2025-05-31,Data Scientist,Hyderabad,13.889423319791801,1290990.9896077227
2025-06-01,Data Scientist,Hyderabad,14.150560437439111,1280919.8732091342
2025-06-02,Data Scientist,Hyderabad,14.666119294973178,1289434.1006219576
2025-06-03,Data Scientist,Hyderabad,14.625160522977453,1316496.1258373652
2025-06-04,Data Scientist,Hyderabad,13.82407850473491,1303701.9426243973
2025-06-05,Data Scientist,Hyderabad,15.357655480872587,1291215.4335960436
2025-06-06,Data Scientist,Hyderabad,14.203655165044214,1286218.0876325015
2025-06-07,Data Scientist,Hyderabad,13.891222089930904,1290357.9060616267
2025-06-08,Data Scientist,Hyderabad,14.152359207577781,1280286.7896630282
2025-06-09,Data Scientist,Hyderabad,14.667918065112623,1288801.0170758823
2025-06-10,Data Scientist,Hyderabad,14.626959293112591,1315863.042291255
2025-06-11,Data Scientist,Hyderabad,13.825877274872363,1303068.859078273
2025-06-12,Data Scientist,Hyderabad,15.359454251010485,1290582.3500499341
2025-06-13,Data Scientist,Hyderabad,14.205453935181087,1285585.0040864018
2025-06-14,Data Scientist,Hyderabad,13.893020860064606,1289724.8225154828
2025-06-15,Data Scientist,Hyderabad,14.154157977712398,1279653.7061169373
2025-06-16,Data Scientist,Hyderabad,14.669716835246337,1288167.9335296683
2025-06-17,Data Scientist,Hyderabad,14.628758063247732,1315229.9587451445
2025-06-18,Data Scientist,Hyderabad,13.827676045010698,1302435.7755321506
2025-06-19,Data Scientist,Hyderabad,15.361253021147892,1289949.2665038155
2025-05-21,Cybersecurity Engineer,Pune,9.366497909895639,1349713.5630819742
2025-05-22,Cybersecurity Engineer,Pune,9.421010774694066,1331309.2596330848
2025-05-23,Cybersecurity Engineer,Pune,9.184304253611668,1334892.7302267225
2025-05-24,Cybersecurity Engineer,Pune,9.946122944228586,1340829.3704294509
2025-05-25,Cybersecurity Engineer,Pune,8.738822018673455,1330748.5664163455
2025-05-26,Cybersecurity Engineer,Pune,9.667022797661465,1333226.3943454153
2025-05-27,Cybersecurity Engineer,Pune,9.860201215268441,1324117.5774002706
2025-05-28,Cybersecurity Engineer,Pune,9.359976574984932,1349836.666763505
2025-05-29,Cybersecurity Engineer,Pune,9.414489439782924,1331432.3633145778
2025-05-30,Cybersecurity Engineer,Pune,9.177782918699403,1335015.833908175
2025-05-31,Cybersecurity Engineer,Pune,9.939601609318645,1340952.4741110024
2025-06-01,Cybersecurity Engineer,Pune,8.73230068376264,1330871.6700979096
2025-06-02,Cybersecurity Engineer,Pune,9.660501462749428,1333349.498026982
2025-06-03,Cybersecurity Engineer,Pune,9.853679880362488,1324240.6810818128
2025-06-04,Cybersecurity Engineer,Pune,9.353455240076958,1349959.7704450272
2025-06-05,Cybersecurity Engineer,Pune,9.407968104873964,1331555.466996116
2025-06-06,Cybersecurity Engineer,Pune,9.171261583790987,1335138.9375897571
2025-06-07,Cybersecurity Engineer,Pune,9.933080274408912,1341075.5777924953
2025-06-08,Cybersecurity Engineer,Pune,8.725779348853294,1330994.7737794253
2025-06-09,Cybersecurity Engineer,Pune,9.653980127842264,1333472.601708493
2025-06-10,Cybersecurity Engineer,Pune,9.847158545450684,1324363.7847633592
2025-06-11,Cybersecurity Engineer,Pune,9.346933905166255,1350082.8741265582
2025-06-12,Cybersecurity Engineer,Pune,9.401446769962824,1331678.5706776094
2025-06-13,Cybersecurity Engineer,Pune,9.164740248881474,1335262.0412712817
2025-06-14,Cybersecurity Engineer,Pune,9.926558939498765,1341198.681474106
2025-06-15,Cybersecurity Engineer,Pune,8.719258013944593,1331117.877460986
2025-06-16,Cybersecurity Engineer,Pune,9.647458792927377,1333595.7053900734
2025-06-17,Cybersecurity Engineer,Pune,9.84063721053888,1324486.8884449054
2025-06-18,Cybersecurity Engineer,Pune,9.340412570258383,1350205.9778081137
2025-06-19,Cybersecurity Engineer,Pune,9.394925435053864,1331801.6743591477
2025-05-21,Software Developer,Gurgaon,11.186535270516993,1333603.67871435
2025-05-22,Software Developer,Gurgaon,10.871251241243193,1332140.6410955468
2025-05-23,Software Developer,Gurgaon,10.897614681963791,1315337.0968282397
2025-05-24,Software Developer,Gurgaon,11.128959195551358,1340659.8111482556
2025-05-25,Software Developer,Gurgaon,10.595077855880454,1294312.6711422328
2025-05-26,Software Developer,Gurgaon,11.291033175060313,1323098.8118389437
2025-05-27,Software Developer,Gurgaon,10.087487785793263,1308469.0853441842
2025-05-28,Software Developer,Gurgaon,11.179747729178256,1333543.6927321851
2025-05-29,Software Developer,Gurgaon,10.864463699902155,1332080.6551133082
2025-05-30,Software Developer,Gurgaon,10.89082714062148,1315277.1108459758
2025-05-31,Software Developer,Gurgaon,11.122171654213703,1340599.8251661244
2025-06-01,Software Developer,Gurgaon,10.58829031454361,1294252.6851600842
2025-06-02,Software Developer,Gurgaon,11.284245633722334,1323038.8258567378
2025-06-03,Software Developer,Gurgaon,10.080700244456041,1308409.099362185
2025-06-04,Software Developer,Gurgaon,11.172960187837976,1333483.7067500085
2025-06-05,Software Developer,Gurgaon,10.857676158564477,1332020.6691311966
2025-06-06,Software Developer,Gurgaon,10.884039599285682,1315217.1248639165
2025-06-07,Software Developer,Gurgaon,11.115384112872873,1340539.8391839385
2025-06-08,Software Developer,Gurgaon,10.581502773204669,1294192.6991779373
2025-06-09,Software Developer,Gurgaon,11.277458092383151,1322978.8398746487
2025-06-10,Software Developer,Gurgaon,10.073912703116791,1308349.1133799788
2025-06-11,Software Developer,Gurgaon,11.16617264649924,1333423.7207678438
2025-06-12,Software Developer,Gurgaon,10.85088861722344,1331960.683148958
2025-06-13,Software Developer,Gurgaon,10.877252057946258,1315157.1388817562
2025-06-14,Software Developer,Gurgaon,11.108596571538392,1340479.8532018627
2025-06-15,Software Developer,Gurgaon,10.57471523186572,1294132.7131958427
2025-06-16,Software Developer,Gurgaon,11.270670551046566,1322918.8538924232
2025-06-17,Software Developer,Gurgaon,10.067125161777545,1308289.1273977726
2025-06-18,Software Developer,Gurgaon,11.15938510516293,1333363.734785807
2025-06-19,Software Developer,Gurgaon,10.84410107588576,1331900.6971668466
2025-05-21,Web and App Developer,Ahmedabad,8.723570823575882,1330183.0801472815
2025-05-22,Web and App Developer,Ahmedabad,9.285194044563466,1319465.1007796272
2025-05-23,Web and App Developer,Ahmedabad,8.559248406138055,1311263.8088556703
2025-05-24,Web and App Developer,Ahmedabad,9.16196402181773,1293594.3021231107
2025-05-25,Web and App Developer,Ahmedabad,8.524666453173982,1318861.3300038967
2025-05-26,Web and App Developer,Ahmedabad,8.757549723039965,1284940.4298297004
2025-05-27,Web and App Developer,Ahmedabad,8.401438697164055,1305817.9477563614
2025-05-28,Web and App Developer,Ahmedabad,8.73020367234397,1330047.5223627158
2025-05-29,Web and App Developer,Ahmedabad,9.291826893330327,1319329.5429950678
2025-05-30,Web and App Developer,Ahmedabad,8.565881254905872,1311128.251071172
2025-05-31,Web and App Developer,Ahmedabad,9.168596870586052,1293458.744338519
2025-06-01,Web and App Developer,Ahmedabad,8.53129930194125,1318725.77221931
2025-06-02,Web and App Developer,Ahmedabad,8.764182571805517,1284804.8720451624
2025-06-03,Web and App Developer,Ahmedabad,8.408071545935556,1305682.389971691
2025-06-04,Web and App Developer,Ahmedabad,8.736836521110307,1329911.9645780788
2025-06-05,Web and App Developer,Ahmedabad,9.29845974209905,1319193.9852104369
2025-06-06,Web and App Developer,Ahmedabad,8.572514103674774,1310992.6932865293
2025-06-07,Web and App Developer,Ahmedabad,9.17522971935454,1293323.1865539406
2025-06-08,Web and App Developer,Ahmedabad,8.537932150709757,1318590.214434701
2025-06-09,Web and App Developer,Ahmedabad,8.770815420575206,1284669.3142605152
2025-06-10,Web and App Developer,Ahmedabad,8.414704394702083,1305546.8321871716
2025-06-11,Web and App Developer,Ahmedabad,8.743469369878396,1329776.406793513
2025-06-12,Web and App Developer,Ahmedabad,9.305092590865911,1319058.427425878
2025-06-13,Web and App Developer,Ahmedabad,8.579146952442736,1310857.1355019335
2025-06-14,Web and App Developer,Ahmedabad,9.181862568122694,1293187.6287693349
2025-06-15,Web and App Developer,Ahmedabad,8.54456499947878,1318454.6566501292
2025-06-16,Web and App Developer,Ahmedabad,8.777448269342013,1284533.7564760195
2025-06-17,Web and App Developer,Ahmedabad,8.421337243468612,1305411.2744026524
2025-06-18,Web and App Developer,Ahmedabad,8.750102218648896,1329640.8490088657
2025-06-19,Web and App Developer,Ahmedabad,9.311725439634634,1318922.8696412472
2025-05-21,Software Developer,Noida,11.02445463022728,1256647.470744451
2025-05-22,Software Developer,Noida,12.20249907537433,1253606.2217625808
2025-05-23,Software Developer,Noida,10.90155496504244,1259486.2355016773
2025-05-24,Software Developer,Noida,11.230443137698797,1246879.286353908
2025-05-25,Software Developer,Noida,11.394801410026949,1234561.796059592
2025-05-26,Software Developer,Noida,11.422377242734768,1241989.6050822814
2025-05-27,Software Developer,Noida,11.449954533660991,1243357.0363812484
2025-05-28,Software Developer,Noida,11.025558403799353,1255156.8211448758
2025-05-29,Software Developer,Noida,12.203602848946343,1252115.5721629944
2025-05-30,Software Developer,Noida,10.90265873861845,1257995.5859020848
2025-05-31,Software Developer,Noida,11.23154691127029,1245388.636754328
2025-06-01,Software Developer,Noida,11.39590518359684,1233071.1464600328
2025-06-02,Software Developer,Noida,11.423481016302736,1240498.9554827344
2025-06-03,Software Developer,Noida,11.451058307235673,1241866.3867816674
2025-06-04,Software Developer,Noida,11.026662177369149,1253666.1715452871
2025-06-05,Software Developer,Noida,12.204706622518167,1250624.9225634253
2025-06-06,Software Developer,Noida,10.903762512188708,1256504.9363025245
2025-06-07,Software Developer,Noida,11.232650684844355,1243897.9871547187
2025-06-08,Software Developer,Noida,11.397008957169836,1231580.496860447
2025-06-09,Software Developer,Noida,11.424584789876747,1239008.3058831496
2025-06-10,Software Developer,Noida,11.452162080805678,1240375.7371821015
2025-06-11,Software Developer,Noida,11.02776595094122,1252175.5219457117
2025-06-12,Software Developer,Noida,12.205810396090182,1249134.272963839
2025-06-13,Software Developer,Noida,10.904866285760498,1255014.286702939
2025-06-14,Software Developer,Noida,11.233754458413271,1242407.3375551675
2025-06-15,Software Developer,Noida,11.398112730740847,1230089.8472608791
2025-06-16,Software Developer,Noida,11.425688563446109,1237517.656283568
2025-06-17,Software Developer,Noida,11.453265854375683,1238885.0875825358
2025-06-18,Software Developer,Noida,11.028869724514484,1250684.8723461418
2025-06-19,Software Developer,Noida,12.206914169662005,1247643.6233642697
2025-05-21,Cybersecurity Engineer,Chennai,10.980510608921582,1300464.830330407
2025-05-22,Cybersecurity Engineer,Chennai,10.099798350798546,1307619.0082653398
2025-05-23,Cybersecurity Engineer,Chennai,10.03084332023924,1318160.0805282886
2025-05-24,Cybersecurity Engineer,Chennai,10.966258423115349,1303779.3357349427
2025-05-25,Cybersecurity Engineer,Chennai,9.828610449898923,1306636.6379960908
2025-05-26,Cybersecurity Engineer,Chennai,10.653953933198004,1305566.47588534
2025-05-27,Cybersecurity Engineer,Chennai,10.144720517413255,1298073.0094474433
2025-05-28,Cybersecurity Engineer,Chennai,10.983833730928525,1300142.1537608758
2025-05-29,Cybersecurity Engineer,Chennai,10.10312147280323,1307296.3316958148
2025-05-30,Cybersecurity Engineer,Chennai,10.034166442241263,1317837.4039587611
2025-05-31,Cybersecurity Engineer,Chennai,10.969581545124036,1303456.6591653991
2025-06-01,Cybersecurity Engineer,Chennai,9.831933571907564,1306313.961426567
2025-06-02,Cybersecurity Engineer,Chennai,10.657277055205629,1305243.7993158258
2025-06-03,Cybersecurity Engineer,Chennai,10.148043639424104,1297750.3328778686
2025-06-04,Cybersecurity Engineer,Chennai,10.987156852936998,1299819.4771913134
2025-06-05,Cybersecurity Engineer,Chennai,10.10644459481178,1306973.655126281
2025-06-06,Cybersecurity Engineer,Chennai,10.037489564252393,1317514.727389218
2025-06-07,Cybersecurity Engineer,Chennai,10.97290466712994,1303133.982595844
2025-06-08,Cybersecurity Engineer,Chennai,9.835256693914884,1305991.284857024
2025-06-09,Cybersecurity Engineer,Chennai,10.660600177214054,1304921.1227462648
2025-06-10,Cybersecurity Engineer,Chennai,10.151366761430868,1297427.6563083394
2025-06-11,Cybersecurity Engineer,Chennai,10.990479974943943,1299496.8006217822
2025-06-12,Cybersecurity Engineer,Chennai,10.109767716816464,1306650.9785567562
2025-06-13,Cybersecurity Engineer,Chennai,10.040812686259837,1317192.0508196736
2025-06-14,Cybersecurity Engineer,Chennai,10.976227789141406,1302811.3060263116
2025-06-15,Cybersecurity Engineer,Chennai,9.838579815924117,1305668.6082874693
2025-06-16,Cybersecurity Engineer,Chennai,10.663923299220864,1304598.4461767627
2025-06-17,Cybersecurity Engineer,Chennai,10.154689883437637,1297104.9797388106
2025-06-18,Cybersecurity Engineer,Chennai,10.993803096954164,1299174.1240522333
2025-06-19,Cybersecurity Engineer,Chennai,10.113090838825014,1306328.3019872224
2025-05-21,Web and App Developer,Mumbai,8.397829601471088,1269665.3979325434
2025-05-22,Web and App Developer,Mumbai,8.795199536714344,1259165.9432665731
2025-05-23,Web and App Developer,Mumbai,8.671992402869815,1279941.2644068743
2025-05-24,Web and App Developer,Mumbai,8.192602834171513,1285812.8277618058
2025-05-25,Web and App Developer,Mumbai,8.861656385164576,1296605.1143025674
2025-05-26,Web and App Developer,Mumbai,8.850877116722522,1283498.5146549481
2025-05-27,Web and App Developer,Mumbai,8.755067333921154,1274823.494649385
2025-05-28,Web and App Developer,Mumbai,8.398972028485534,1268666.7771319023
2025-05-29,Web and App Developer,Mumbai,8.796341963729438,1258167.3224659485
2025-05-30,Web and App Developer,Mumbai,8.673134829886672,1278942.6436061792
2025-05-31,Web and App Developer,Mumbai,8.193745261185404,1284814.206961175
2025-06-01,Web and App Developer,Mumbai,8.862798812178786,1295606.4935019428
2025-06-02,Web and App Developer,Mumbai,8.852019543736718,1282499.893854342
2025-06-03,Web and App Developer,Mumbai,8.756209760934047,1273824.8738486918
2025-06-04,Web and App Developer,Mumbai,8.400114455499098,1267668.1563312954
2025-06-05,Web and App Developer,Mumbai,8.797484390743348,1257168.701665305
2025-06-06,Web and App Developer,Mumbai,8.67427725689955,1277944.0228055476
2025-06-07,Web and App Developer,Mumbai,8.194887688200101,1283815.586160531
2025-06-08,Web and App Developer,Mumbai,8.863941239193343,1294607.8727012915
2025-06-09,Web and App Developer,Mumbai,8.853161970750554,1281501.2730536659
2025-06-10,Web and App Developer,Mumbai,8.75735218794828,1272826.253048071
2025-06-11,Web and App Developer,Mumbai,8.401256882513545,1266669.535530654
2025-06-12,Web and App Developer,Mumbai,8.798626817758441,1256170.0808646802
2025-06-13,Web and App Developer,Mumbai,8.675419683913532,1276945.402004919
2025-06-14,Web and App Developer,Mumbai,8.196030115213187,1282816.9653599132
2025-06-15,Web and App Developer,Mumbai,8.865083666205557,1293609.2519006585
2025-06-16,Web and App Developer,Mumbai,8.854304397765176,1280502.6522530983
2025-06-17,Web and App Developer,Mumbai,8.758494614962514,1271827.63224745
2025-06-18,Web and App Developer,Mumbai,8.402399309526963,1265670.9147299824
2025-06-19,Web and App Developer,Mumbai,8.79976924477235,1255171.4600640372
2025-05-21,Software Developer,Pune,11.881666969172414,1285412.704627041
2025-05-22,Software Developer,Pune,11.771887218379392,1300082.1566990425
2025-05-23,Software Developer,Pune,12.34809813887228,1289279.0141155121
2025-05-24,Software Developer,Pune,12.595033372776122,1289699.684013762
2025-05-25,Software Developer,Pune,11.878321570770709,1303356.0321531985
2025-05-26,Software Developer,Pune,11.645063658121932,1289708.564080846
2025-05-27,Software Developer,Pune,11.82339962514392,1285069.772069462
2025-05-28,Software Developer,Pune,11.891978131461896,1284734.6248192491
2025-05-29,Software Developer,Pune,11.782198380669014,1299404.0768912546
2025-05-30,Software Developer,Pune,12.358409301159421,1288600.9343077692
2025-05-31,Software Developer,Pune,12.60534453506567,1289021.604205957
2025-06-01,Software Developer,Pune,11.88863273306006,1302677.952345378
2025-06-02,Software Developer,Pune,11.655374820411794,1289030.484273013
2025-06-03,Software Developer,Pune,11.833710787433937,1284391.6922616535
2025-06-04,Software Developer,Pune,11.902289293752265,1284056.5450113993
2025-06-05,Software Developer,Pune,11.792509542959007,1298725.997083443
2025-06-06,Software Developer,Pune,12.368720463449888,1287922.854499935
2025-06-07,Software Developer,Pune,12.615655697354875,1288343.5243981814
2025-06-08,Software Developer,Pune,11.898943895349184,1301999.8725375808
2025-06-09,Software Developer,Pune,11.665685982701525,1288352.4044652055
2025-06-10,Software Developer,Pune,11.844021949723729,1283713.6124538458
2025-06-11,Software Developer,Pune,11.912600456041744,1283378.4652036072
2025-06-12,Software Developer,Pune,11.802820705248628,1298047.9172756555
2025-06-13,Software Developer,Pune,12.37903162573996,1287244.7746921303
2025-06-14,Software Developer,Pune,12.62596685964477,1287665.4445903462
2025-06-15,Software Developer,Pune,11.909255057641204,1301321.7927297663
2025-06-16,Software Developer,Pune,11.675997144990953,1287674.324657437
2025-06-17,Software Developer,Pune,11.854333112013522,1283035.532646038
2025-06-18,Software Developer,Pune,11.922911618331488,1282700.3853958016
2025-06-19,Software Developer,Pune,11.813131867538619,1297369.8374678434
2025-05-21,Web and App Developer,Gurgaon,7.684274509114802,1351154.1528541022
2025-05-22,Web and App Developer,Gurgaon,8.05321587307209,1353088.5389756165
2025-05-23,Web and App Developer,Gurgaon,8.558743686151262,1334813.7236743846
2025-05-24,Web and App Developer,Gurgaon,8.504271282550325,1332846.9042145894
2025-05-25,Web and App Developer,Gurgaon,8.676100292854235,1348391.3974366046
2025-05-26,Web and App Developer,Gurgaon,8.020651922444548,1343526.3376933902
2025-05-27,Web and App Developer,Gurgaon,8.034471317407137,1358673.143854416
2025-05-28,Web and App Developer,Gurgaon,7.679511120654755,1351554.3086142284
2025-05-29,Web and App Developer,Gurgaon,8.048452484613085,1353488.6947357557
2025-05-30,Web and App Developer,Gurgaon,8.553980297691249,1335213.8794345923
2025-05-31,Web and App Developer,Gurgaon,8.499507894089735,1333247.0599747053
2025-06-01,Web and App Developer,Gurgaon,8.671336904393419,1348791.5531967063
2025-06-02,Web and App Developer,Gurgaon,8.01588853398426,1343926.4934534929
2025-06-03,Web and App Developer,Gurgaon,8.029707928945559,1359073.2996145366
2025-06-04,Web and App Developer,Gurgaon,7.674747732194404,1351954.4643743522
2025-06-05,Web and App Developer,Gurgaon,8.04368909615272,1353888.8504958581
2025-06-06,Web and App Developer,Gurgaon,8.549216909230173,1335614.0351946717
2025-06-07,Web and App Developer,Gurgaon,8.494744505630019,1333647.2157348646
2025-06-08,Web and App Developer,Gurgaon,8.666573515932939,1349191.708956841
2025-06-09,Web and App Developer,Gurgaon,8.01112514552344,1344326.649213628
2025-06-10,Web and App Developer,Gurgaon,8.024944540485615,1359473.4553746635
2025-06-11,Web and App Developer,Gurgaon,7.669984343734359,1352354.6201344787
2025-06-12,Web and App Developer,Gurgaon,8.038925707693714,1354289.0062559973
2025-06-13,Web and App Developer,Gurgaon,8.544453520770336,1336014.190954795
2025-06-14,Web and App Developer,Gurgaon,8.489981117168556,1334047.3714949382
2025-06-15,Web and App Developer,Gurgaon,8.661810127473453,1349591.8647169406
2025-06-16,Web and App Developer,Gurgaon,8.006361757064466,1344726.804973721
2025-06-17,Web and App Developer,Gurgaon,8.020181152025671,1359873.6111347906
2025-06-18,Web and App Developer,Gurgaon,7.665220955273105,1352754.7758945827
2025-06-19,Web and App Developer,Gurgaon,8.034162319233351,1354689.1620160993
2025-05-21,Web and App Developer,Hyderabad,8.52125057836352,1325711.8394459777
2025-05-22,Web and App Developer,Hyderabad,9.014525174107707,1345672.215109405
2025-05-23,Web and App Developer,Hyderabad,9.384502263315946,1337453.273595702
2025-05-24,Web and App Developer,Hyderabad,8.124216162499982,1335058.798035102
2025-05-25,Web and App Developer,Hyderabad,8.717173712950457,1349352.608314105
2025-05-26,Web and App Developer,Hyderabad,9.251546327810455,1352067.3565436862
2025-05-27,Web and App Developer,Hyderabad,8.594045761906644,1374155.7445527383
2025-05-28,Web and App Developer,Hyderabad,8.525632144460847,1326045.821329291
2025-05-29,Web and App Developer,Hyderabad,9.018906740205352,1346006.196992782
2025-05-30,Web and App Developer,Hyderabad,9.388883829415112,1337787.2554791353
2025-05-31,Web and App Developer,Hyderabad,8.128597728596564,1335392.7799183938
2025-06-01,Web and App Developer,Hyderabad,8.721555279048879,1349686.590197372
2025-06-02,Web and App Developer,Hyderabad,9.255927893909075,1352401.338426949
2025-06-03,Web and App Developer,Hyderabad,8.598427328001014,1374489.7264360583
2025-06-04,Web and App Developer,Hyderabad,8.530013710556261,1326379.8032126697
2025-06-05,Web and App Developer,Hyderabad,9.023288306302542,1346340.1788760906
2025-06-06,Web and App Developer,Hyderabad,9.393265395511428,1338121.2373623818
2025-06-07,Web and App Developer,Hyderabad,8.1329792946923,1335726.761801784
2025-06-08,Web and App Developer,Hyderabad,8.725936845145997,1350020.5720807232
2025-06-09,Web and App Developer,Hyderabad,9.260309460004674,1352735.32031032
2025-06-10,Web and App Developer,Hyderabad,8.602808894098212,1374823.7083193525
2025-06-11,Web and App Developer,Hyderabad,8.534395276653587,1326713.7850959832
2025-06-12,Web and App Developer,Hyderabad,9.027669872400185,1346674.1607594672
2025-06-13,Web and App Developer,Hyderabad,9.397646961607526,1338455.2192457207
2025-06-14,Web and App Developer,Hyderabad,8.137360860789727,1336060.7436849775
2025-06-15,Web and App Developer,Hyderabad,8.730318411239423,1350354.5539639988
2025-06-16,Web and App Developer,Hyderabad,9.26469102610317,1353069.3021935232
2025-06-17,Web and App Developer,Hyderabad,8.60719046019541,1375157.6902026467
2025-06-18,Web and App Developer,Hyderabad,8.538776842749877,1327047.766979266
2025-06-19,Web and App Developer,Hyderabad,9.032051438497376,1347008.1426427758
2025-05-21,Software Developer,Chennai,10.680085374547957,1293265.5682861994
2025-05-22,Software Developer,Chennai,11.036537829327312,1306605.2834666495
2025-05-23,Software Developer,Chennai,10.310827637313414,1292793.1984192259
2025-05-24,Software Developer,Chennai,10.078254119416467,1307594.070796059
2025-05-25,Software Developer,Chennai,10.272554937206433,1297009.7492157125
2025-05-26,Software Developer,Chennai,10.218058592592502,1313007.8131514587
2025-05-27,Software Developer,Chennai,10.670398296321293,1312272.9494008315
2025-05-28,Software Developer,Chennai,10.670697140265016,1293063.6811787246
2025-05-29,Software Developer,Chennai,11.027149595044456,1306403.3963591757
2025-05-30,Software Developer,Chennai,10.3014394030334,1292591.311311771
2025-05-31,Software Developer,Chennai,10.06886588513292,1307392.1836885924
2025-06-01,Software Developer,Chennai,10.263166702922451,1296807.8621082194
2025-06-02,Software Developer,Chennai,10.208670358308295,1312805.9260439258
2025-06-03,Software Developer,Chennai,10.661010062038711,1312071.062293445
2025-06-04,Software Developer,Chennai,10.661308905980814,1292861.7940712816
2025-06-05,Software Developer,Chennai,11.017761360760856,1306201.509251727
2025-06-06,Software Developer,Chennai,10.292051168748907,1292389.4242043109
2025-06-07,Software Developer,Chennai,10.059477650850662,1307190.296581158
2025-06-08,Software Developer,Chennai,10.253778468639661,1296605.9750007803
2025-06-09,Software Developer,Chennai,10.199282124025803,1312604.038936523
2025-06-10,Software Developer,Chennai,10.651621827755418,1311869.1751859314
2025-06-11,Software Developer,Chennai,10.651920671697875,1292659.906963807
2025-06-12,Software Developer,Chennai,11.008373126478,1305999.6221442532
2025-06-13,Software Developer,Chennai,10.28266293446554,1292187.5370968548
2025-06-14,Software Developer,Chennai,10.050089416565829,1306988.4094736592
2025-06-15,Software Developer,Chennai,10.244390234356004,1296404.0878933077
2025-06-16,Software Developer,Chennai,10.18989388974124,1312402.1518289645
2025-06-17,Software Developer,Chennai,10.642233593472126,1311667.288078418
2025-06-18,Software Developer,Chennai,10.642532437414715,1292458.019856382
2025-06-19,Software Developer,Chennai,10.998984892194398,1305797.7350368046
2025-05-21,Cybersecurity Engineer,Bangalore,10.104422034831448,1307088.1121132968
2025-05-22,Cybersecurity Engineer,Bangalore,10.556465105027966,1313333.7512186144
2025-05-23,Cybersecurity Engineer,Bangalore,10.118081524375892,1333183.0646416866
2025-05-24,Cybersecurity Engineer,Bangalore,10.392039659472363,1297943.9486945444
2025-05-25,Cybersecurity Engineer,Bangalore,10.529063448066733,1297060.6140475597
2025-05-26,Cybersecurity Engineer,Bangalore,9.542721779974634,1331847.702008468
2025-05-27,Cybersecurity Engineer,Bangalore,10.652314632401358,1321556.5529402366
2025-05-28,Cybersecurity Engineer,Bangalore,10.104339384304179,1306836.4262391673
2025-05-29,Cybersecurity Engineer,Bangalore,10.556382454502083,1313082.065344501
2025-05-30,Cybersecurity Engineer,Bangalore,10.117998873851406,1332931.378767578
2025-05-31,Cybersecurity Engineer,Bangalore,10.391957008944171,1297692.2628204033
2025-06-01,Cybersecurity Engineer,Bangalore,10.528980797536878,1296808.9281734799
2025-06-02,Cybersecurity Engineer,Bangalore,9.542639129445243,1331596.0161343988
2025-06-03,Cybersecurity Engineer,Bangalore,10.652231981874268,1321304.8670660618
2025-06-04,Cybersecurity Engineer,Bangalore,10.10425673377696,1306584.7403650621
2025-06-05,Cybersecurity Engineer,Bangalore,10.556299803973765,1312830.3794703966
2025-06-06,Cybersecurity Engineer,Bangalore,10.117916223321627,1332679.6928934583
2025-06-07,Cybersecurity Engineer,Bangalore,10.391874358419107,1297440.5769462297
2025-06-08,Cybersecurity Engineer,Bangalore,10.528898147009572,1296557.242299363
2025-06-09,Cybersecurity Engineer,Bangalore,9.542556478918783,1331344.3302602633
2025-06-10,Cybersecurity Engineer,Bangalore,10.65214933134699,1321053.1811919324
2025-06-11,Cybersecurity Engineer,Bangalore,10.104174083249692,1306333.0544909325
2025-06-12,Cybersecurity Engineer,Bangalore,10.556217153447884,1312578.6935962834
2025-06-13,Cybersecurity Engineer,Bangalore,10.117833572794936,1332428.0070193156
2025-06-14,Cybersecurity Engineer,Bangalore,10.391791707887787,1297188.891072122
2025-06-15,Cybersecurity Engineer,Bangalore,10.52881549648409,1296305.556425144
2025-06-16,Cybersecurity Engineer,Bangalore,9.542473828389591,1331092.6443860994
2025-06-17,Cybersecurity Engineer,Bangalore,10.652066680819711,1320801.495317803
2025-06-18,Cybersecurity Engineer,Bangalore,10.104091432721127,1306081.368616795
2025-06-19,Cybersecurity Engineer,Bangalore,10.556134502919566,1312327.0077221787
2025-05-21,Web and App Developer,Pune,8.638873769403967,1305253.4886030531
2025-05-22,Web and App Developer,Pune,8.529250858450641,1309014.5162987756
2025-05-23,Web and App Developer,Pune,8.049765097258076,1314919.9521233742
2025-05-24,Web and App Developer,Pune,8.488087458530027,1329898.8753682184
2025-05-25,Web and App Developer,Pune,8.405043218309654,1303670.8299136027
2025-05-26,Web and App Developer,Pune,8.089941685567556,1333924.6257544402
2025-05-27,Web and App Developer,Pune,8.51456586360446,1331531.9794560533
2025-05-28,Web and App Developer,Pune,8.637819975390606,1305232.4759613704
2025-05-29,Web and App Developer,Pune,8.528197064437094,1308993.5036570982
2025-05-30,Web and App Developer,Pune,8.048711303245128,1314898.9394816456
2025-05-31,Web and App Developer,Pune,8.487033664516757,1329877.8627265561
2025-06-01,Web and App Developer,Pune,8.403989424295451,1303649.8172719316
2025-06-02,Web and App Developer,Pune,8.088887891553208,1333903.6131127395
2025-06-03,Web and App Developer,Pune,8.513512069592279,1331510.9668144712
2025-06-04,Web and App Developer,Pune,8.636766181377308,1305211.463319785
2025-06-05,Web and App Developer,Pune,8.527143270423394,1308972.4910154704
2025-06-06,Web and App Developer,Pune,8.0476575092315,1314877.9268400255
2025-06-07,Web and App Developer,Pune,8.48597987050427,1329856.850084897
2025-06-08,Web and App Developer,Pune,8.402935630282142,1303628.8046302914
2025-06-09,Web and App Developer,Pune,8.08783409754051,1333882.6004711452
2025-06-10,Web and App Developer,Pune,8.512458275578904,1331489.954172759
2025-06-11,Web and App Developer,Pune,8.635712387363947,1305190.4506781024
2025-06-12,Web and App Developer,Pune,8.526089476409847,1308951.478373793
2025-06-13,Web and App Developer,Pune,8.04660371521839,1314856.9141983793
2025-06-14,Web and App Developer,Pune,8.484926076490215,1329835.8374432325
2025-06-15,Web and App Developer,Pune,8.40188183627004,1303607.7919886333
2025-06-16,Web and App Developer,Pune,8.086780303526394,1333861.5878293612
2025-06-17,Web and App Developer,Pune,8.51140448156553,1331468.9415310472
2025-06-18,Web and App Developer,Pune,8.634658593350833,1305169.4380364835
2025-06-19,Web and App Developer,Pune,8.52503568239615,1308930.4657321654
2025-05-21,Web and App Developer,Kolkata,7.912185343631955,1353024.9443832675
2025-05-22,Web and App Developer,Kolkata,8.103944968691964,1345885.9862551773
2025-05-23,Web and App Developer,Kolkata,8.583337243618166,1326943.1598056336
2025-05-24,Web and App Developer,Kolkata,8.11765080947406,1330967.2731896907
2025-05-25,Web and App Developer,Kolkata,7.809289481600688,1322243.0656013223
2025-05-26,Web and App Developer,Kolkata,7.781900729760735,1333954.6240551393
2025-05-27,Web and App Developer,Kolkata,8.233899801559478,1341520.6481259477
2025-05-28,Web and App Developer,Kolkata,7.9051811228744295,1353163.9110844026
2025-05-29,Web and App Developer,Kolkata,8.096940747935374,1346024.9529562853
2025-05-30,Web and App Developer,Kolkata,8.576333022861025,1327082.12650678
2025-05-31,Web and App Developer,Kolkata,8.110646588715888,1331106.2398908348
2025-06-01,Web and App Developer,Kolkata,7.8022852608428614,1322382.0323024602
2025-06-02,Web and App Developer,Kolkata,7.774896509003772,1334093.5907562636
2025-06-03,Web and App Developer,Kolkata,8.226895580801147,1341659.6148271374
2025-06-04,Web and App Developer,Kolkata,7.898176902117559,1353302.877785536
2025-06-05,Web and App Developer,Kolkata,8.089936527177931,1346163.9196574232
2025-06-06,Web and App Developer,Kolkata,8.569328802102964,1327221.093207932
2025-06-07,Web and App Developer,Kolkata,8.103642367958198,1331245.2065919705
2025-06-08,Web and App Developer,Kolkata,7.795281040085165,1322520.9990036043
2025-06-09,Web and App Developer,Kolkata,7.767892288246306,1334232.5574574277
2025-06-10,Web and App Developer,Kolkata,8.219891360043977,1341798.581528268
2025-06-11,Web and App Developer,Kolkata,7.891172681360031,1353441.8444866713
2025-06-12,Web and App Developer,Kolkata,8.08293230642134,1346302.886358531
2025-06-13,Web and App Developer,Kolkata,8.562324581345647,1327360.059909063
2025-06-14,Web and App Developer,Kolkata,8.09663814719954,1331384.1732931228
2025-06-15,Web and App Developer,Kolkata,7.7882768193282255,1322659.9657047468
2025-06-16,Web and App Developer,Kolkata,7.76088806748759,1334371.524158517
2025-06-17,Web and App Developer,Kolkata,8.212887139286808,1341937.5482293991
2025-06-18,Web and App Developer,Kolkata,7.884168460601708,1353580.8111878394
2025-06-19,Web and App Developer,Kolkata,8.075928085663895,1346441.8530596693
2025-05-21,Software Developer,Kolkata,11.12798723194753,1296145.3846125074
2025-05-22,Software Developer,Kolkata,10.881559311499528,1304936.0037732131
2025-05-23,Software Developer,Kolkata,10.867929207341149,1305845.9979854617
2025-05-24,Software Developer,Kolkata,10.402398191685569,1323347.922253678
2025-05-25,Software Developer,Kolkata,10.081734846344235,1303470.8224945273
2025-05-26,Software Developer,Kolkata,10.999292270807771,1318011.5158993604
2025-05-27,Software Developer,Kolkata,10.835026297889362,1316120.3332250668
2025-05-28,Software Developer,Kolkata,11.12266183805965,1295894.1105936472
2025-05-29,Software Developer,Kolkata,10.876233917610884,1304684.7297543578
2025-05-30,Software Developer,Kolkata,10.862603813452926,1305594.7239665713
2025-05-31,Software Developer,Kolkata,10.39707279779794,1323096.6482348302
2025-06-01,Software Developer,Kolkata,10.076409452457703,1303219.5484756576
2025-06-02,Software Developer,Kolkata,10.993966876921123,1317760.2418804618
2025-06-03,Software Developer,Kolkata,10.829700904002014,1315869.0592062916
2025-06-04,Software Developer,Kolkata,11.117336444172038,1295642.8365748439
2025-06-05,Software Developer,Kolkata,10.870908523723626,1304433.455735535
2025-06-06,Software Developer,Kolkata,10.857278419566232,1305343.4499477486
2025-06-07,Software Developer,Kolkata,10.391747403908823,1322845.374216
2025-06-08,Software Developer,Kolkata,10.071084058570085,1302968.2744568277
2025-06-09,Software Developer,Kolkata,10.988641483033536,1317508.9678616712
2025-06-10,Software Developer,Kolkata,10.824375510114185,1315617.7851874009
2025-06-11,Software Developer,Kolkata,11.11201105028416,1295391.562555984
2025-06-12,Software Developer,Kolkata,10.865583129834985,1304182.1817166798
2025-06-13,Software Developer,Kolkata,10.85195302567794,1305092.1759289172
2025-06-14,Software Developer,Kolkata,10.386422010022685,1322594.1001971352
2025-06-15,Software Developer,Kolkata,10.065758664681061,1302717.000438001
2025-06-16,Software Developer,Kolkata,10.983316089144678,1317257.6938427386
2025-06-17,Software Developer,Kolkata,10.819050116226352,1315366.5111685104
2025-06-18,Software Developer,Kolkata,11.106685656397183,1295140.2885371735
2025-06-19,Software Developer,Kolkata,10.860257735947728,1303930.9076978571
2025-05-21,Web and App Developer,Noida,8.30797627113853,1303036.021424101
2025-05-22,Web and App Developer,Noida,8.417905805750985,1291035.7014292025
2025-05-23,Web and App Developer,Noida,8.101981372889727,1275729.7780026682
2025-05-24,Web and App Developer,Noida,8.342907530709583,1301509.3397776377
2025-05-25,Web and App Developer,Noida,8.331140544639092,1290907.1913912103
2025-05-26,Web and App Developer,Noida,7.905327547613654,1303576.6350321197
2025-05-27,Web and App Developer,Noida,8.001521071413439,1280952.8545894697
2025-05-28,Web and App Developer,Noida,8.303772083088711,1302537.1646349784
2025-05-29,Web and App Developer,Noida,8.413701617700877,1290536.8446400193
2025-05-30,Web and App Developer,Noida,8.097777184840162,1275230.921213467
2025-05-31,Web and App Developer,Noida,8.338703342659645,1301010.482988554
2025-06-01,Web and App Developer,Noida,8.326936356588522,1290408.3346021143
2025-06-02,Web and App Developer,Noida,7.901123359562908,1303077.7782429792
2025-06-03,Web and App Developer,Noida,7.997316883364011,1280453.997800432
2025-06-04,Web and App Developer,Noida,8.299567895037711,1302038.3078458433
2025-06-05,Web and App Developer,Noida,8.409497429650644,1290037.9878509196
2025-06-06,Web and App Developer,Noida,8.093572996789893,1274732.064424417
2025-06-07,Web and App Developer,Noida,8.33449915461013,1300511.6261994198
2025-06-08,Web and App Developer,Noida,8.322732168538407,1289909.4778130013
2025-06-09,Web and App Developer,Noida,7.896919171512965,1302578.9214538783
2025-06-10,Web and App Developer,Noida,7.993112695314048,1279955.1410112884
2025-06-11,Web and App Developer,Noida,8.295363706987892,1301539.4510567202
2025-06-12,Web and App Developer,Noida,8.405293241600535,1289539.1310617365
2025-06-13,Web and App Developer,Noida,8.089368808739932,1274233.2076352928
2025-06-14,Web and App Developer,Noida,8.33029496655977,1300012.7694103874
2025-06-15,Web and App Developer,Noida,8.318527980489414,1289410.6210238952
2025-06-16,Web and App Developer,Noida,7.892714983463526,1302080.0646647832
2025-06-17,Web and App Developer,Noida,7.988908507264087,1279456.2842221446
2025-06-18,Web and App Developer,Noida,8.291159518938153,1301040.594267673
2025-06-19,Web and App Developer,Noida,8.401089053550303,1289040.2742726367
2025-05-21,Cybersecurity Engineer,Kolkata,10.003098030984578,1291913.5426055447
2025-05-22,Cybersecurity Engineer,Kolkata,8.769348634848498,1311856.3710413624
2025-05-23,Cybersecurity Engineer,Kolkata,9.783667568429728,1289898.1169388078
2025-05-24,Cybersecurity Engineer,Kolkata,9.454627742136593,1308372.796391913
2025-05-25,Cybersecurity Engineer,Kolkata,9.48705819465211,1332068.6553410124
2025-05-26,Cybersecurity Engineer,Kolkata,9.21285138751944,1316589.0842270216
2025-05-27,Cybersecurity Engineer,Kolkata,9.980430677849949,1313616.4839637682
2025-05-28,Cybersecurity Engineer,Kolkata,9.9940861382239,1291720.9621472196
2025-05-29,Cybersecurity Engineer,Kolkata,8.760336742088715,1311663.7905830576
2025-05-30,Cybersecurity Engineer,Kolkata,9.774655675667026,1289705.5364805618
2025-05-31,Cybersecurity Engineer,Kolkata,9.445615849376141,1308180.2159335834
2025-06-01,Cybersecurity Engineer,Kolkata,9.478046301892693,1331876.074882636
2025-06-02,Cybersecurity Engineer,Kolkata,9.203839494762441,1316396.5037686096
2025-06-03,Cybersecurity Engineer,Kolkata,9.9714187850866,1313423.903505462
2025-06-04,Cybersecurity Engineer,Kolkata,9.985074245466576,1291528.381688875
2025-06-05,Cybersecurity Engineer,Kolkata,8.751324849327712,1311471.2101247143
2025-06-06,Cybersecurity Engineer,Kolkata,9.765643782906906,1289512.9560221818
2025-06-07,Cybersecurity Engineer,Kolkata,9.436603956614666,1307987.6354753282
2025-06-08,Cybersecurity Engineer,Kolkata,9.469034409131321,1331683.4944243315
2025-06-09,Cybersecurity Engineer,Kolkata,9.194827602000453,1316203.9233103076
2025-06-10,Cybersecurity Engineer,Kolkata,9.96240689232834,1313231.323047102
2025-06-11,Cybersecurity Engineer,Kolkata,9.976062352705899,1291335.8012305498
2025-06-12,Cybersecurity Engineer,Kolkata,8.742312956567929,1311278.6296664095
2025-06-13,Cybersecurity Engineer,Kolkata,9.756631890146895,1289320.3755638644
2025-06-14,Cybersecurity Engineer,Kolkata,9.427592063855242,1307795.0550169237
2025-06-15,Cybersecurity Engineer,Kolkata,9.460022516372053,1331490.913965977
2025-06-16,Cybersecurity Engineer,Kolkata,9.185815709240796,1316011.3428519755
2025-06-17,Cybersecurity Engineer,Kolkata,9.95339499957008,1313038.742588742
2025-06-18,Cybersecurity Engineer,Kolkata,9.967050459943131,1291143.2207722187
2025-06-19,Cybersecurity Engineer,Kolkata,8.733301063806925,1311086.0492080664
2025-05-21,Cloud Engineer,Mumbai,3.1362783847040383,1282921.145125312
2025-05-22,Cloud Engineer,Mumbai,3.32090765211919,1283987.589219875
2025-05-23,Cloud Engineer,Mumbai,3.5023288815262,1328828.7414861629
2025-05-24,Cloud Engineer,Mumbai,2.8172177458494327,1322019.5554490641
2025-05-25,Cloud Engineer,Mumbai,3.4657421520897427,1295555.556516453
2025-05-26,Cloud Engineer,Mumbai,3.5001265947886044,1333814.880682419
2025-05-27,Cloud Engineer,Mumbai,3.0749608615326505,1330502.5104274538
2025-05-28,Cloud Engineer,Mumbai,3.1353190385902607,1282727.021127537
2025-05-29,Cloud Engineer,Mumbai,3.3199483060056143,1283793.4652221485
2025-05-30,Cloud Engineer,Mumbai,3.5013695354136143,1328634.6174883104
2025-05-31,Cloud Engineer,Mumbai,2.81625839973524,1321825.4314513002
2025-06-01,Cloud Engineer,Mumbai,3.464782805976556,1295361.4325187225
2025-06-02,Cloud Engineer,Mumbai,3.4991672486756764,1333620.7566846993
2025-06-03,Cloud Engineer,Mumbai,3.074001515416431,1330308.3864297012
2025-06-04,Cloud Engineer,Mumbai,3.1343596924750248,1282532.8971299252
2025-06-05,Cloud Engineer,Mumbai,3.318988959891359,1283599.3412244439
2025-06-06,Cloud Engineer,Mumbai,3.500410189298879,1328440.4934906042
2025-06-07,Cloud Engineer,Mumbai,2.8152990536206,1321631.3074535213
2025-06-08,Cloud Engineer,Mumbai,3.4638234598624345,1295167.3085209862
2025-06-09,Cloud Engineer,Mumbai,3.4982079025602717,1333426.6326869885
2025-06-10,Cloud Engineer,Mumbai,3.0730421693028025,1330114.2624319217
2025-06-11,Cloud Engineer,Mumbai,3.133400346361247,1282338.7731321498
2025-06-12,Cloud Engineer,Mumbai,3.3180296137777825,1283405.2172267174
2025-06-13,Cloud Engineer,Mumbai,3.4994508431842726,1328246.3694928775
2025-06-14,Cloud Engineer,Mumbai,2.8143397075068552,1321437.1834557715
2025-06-15,Cloud Engineer,Mumbai,3.4628641137462033,1294973.1845232153
2025-06-16,Cloud Engineer,Mumbai,3.497248556448204,1333232.508689121
2025-06-17,Cloud Engineer,Mumbai,3.072082823189174,1329920.1384341423
2025-06-18,Cloud Engineer,Mumbai,3.1324410002463727,1282144.6491343942
2025-06-19,Cloud Engineer,Mumbai,3.317070267663526,1283211.0932290128
2025-05-21,Cybersecurity Engineer,Hyderabad,10.065774092451067,1352478.869640518
2025-05-22,Cybersecurity Engineer,Hyderabad,9.901404176820995,1357457.7984023276
2025-05-23,Cybersecurity Engineer,Hyderabad,10.40825035614212,1338441.1754136197
2025-05-24,Cybersecurity Engineer,Hyderabad,10.791813479192884,1334607.2623777671
2025-05-25,Cybersecurity Engineer,Hyderabad,10.0289660155141,1329846.106180319
2025-05-26,Cybersecurity Engineer,Hyderabad,10.439924151691894,1318515.739839029
2025-05-27,Cybersecurity Engineer,Hyderabad,9.919395440845827,1343543.9514013028
2025-05-28,Cybersecurity Engineer,Hyderabad,10.07008709990884,1352633.9809875276
2025-05-29,Cybersecurity Engineer,Hyderabad,9.905717184278076,1357612.9097493377
2025-05-30,Cybersecurity Engineer,Hyderabad,10.412563363596503,1338596.2867606939
2025-05-31,Cybersecurity Engineer,Hyderabad,10.796126486651382,1334762.3737247558
2025-06-01,Cybersecurity Engineer,Hyderabad,10.033279022972806,1330001.2175272873
2025-06-02,Cybersecurity Engineer,Hyderabad,10.444237159150173,1318670.851186006
2025-06-03,Cybersecurity Engineer,Hyderabad,9.923708448305133,1343699.0627483288
2025-06-04,Cybersecurity Engineer,Hyderabad,10.074400107367557,1352789.092334501
2025-06-05,Cybersecurity Engineer,Hyderabad,9.910030191737107,1357768.021096323
2025-06-06,Cybersecurity Engineer,Hyderabad,10.416876371056638,1338751.3981076612
2025-06-07,Cybersecurity Engineer,Hyderabad,10.800439494108359,1334917.4850717823
2025-06-08,Cybersecurity Engineer,Hyderabad,10.0375920304307,1330156.3288742884
2025-06-09,Cybersecurity Engineer,Hyderabad,10.448550166608554,1318825.9625330272
2025-06-10,Cybersecurity Engineer,Hyderabad,9.928021455762625,1343854.1740953422
2025-06-11,Cybersecurity Engineer,Hyderabad,10.078713114825328,1352944.2036815106
2025-06-12,Cybersecurity Engineer,Hyderabad,9.914343199194189,1357923.132443333
2025-06-13,Cybersecurity Engineer,Hyderabad,10.421189378514853,1338906.5094546627
2025-06-14,Cybersecurity Engineer,Hyderabad,10.804752501568375,1335072.596418734
2025-06-15,Cybersecurity Engineer,Hyderabad,10.041905037889842,1330311.440221329
2025-06-16,Cybersecurity Engineer,Hyderabad,10.452863174066632,1318981.0738799865
2025-06-17,Cybersecurity Engineer,Hyderabad,9.93233446322012,1344009.285442355
2025-06-18,Cybersecurity Engineer,Hyderabad,10.083026122284686,1353099.3150285103
2025-06-19,Cybersecurity Engineer,Hyderabad,9.91865620665322,1358078.2437903183
2025-05-21,Cloud Engineer,Hyderabad,3.4689402762003154,1342131.8506217431
2025-05-22,Cloud Engineer,Hyderabad,3.817754412442726,1322961.4001938077
2025-05-23,Cloud Engineer,Hyderabad,3.912579006653616,1352876.8004248736
2025-05-24,Cloud Engineer,Hyderabad,3.739792944225882,1320984.4058589048
2025-05-25,Cloud Engineer,Hyderabad,3.6791651525391855,1337300.8589678206
2025-05-26,Cloud Engineer,Hyderabad,3.4911600385564583,1317339.3592499848
2025-05-27,Cloud Engineer,Hyderabad,3.657908330519267,1366498.9151845945
2025-05-28,Cloud Engineer,Hyderabad,3.474104728216887,1342334.7596352866
2025-05-29,Cloud Engineer,Hyderabad,3.8229188644598104,1323164.3092074357
2025-05-30,Cloud Engineer,Hyderabad,3.9177434586709334,1353079.709438478
2025-05-31,Cloud Engineer,Hyderabad,3.744957396241953,1321187.3148724136
2025-06-01,Cloud Engineer,Hyderabad,3.684329604555127,1337503.7679813579
2025-06-02,Cloud Engineer,Hyderabad,3.4963244905725817,1317542.2682636231
2025-06-03,Cloud Engineer,Hyderabad,3.6630727825354903,1366701.8241979969
2025-06-04,Cloud Engineer,Hyderabad,3.4792691802330187,1342537.66864893
2025-06-05,Cloud Engineer,Hyderabad,3.8280833164762496,1323367.2182209399
2025-06-06,Cloud Engineer,Hyderabad,3.9229079106867535,1353282.6184519476
2025-06-07,Cloud Engineer,Hyderabad,3.750121848258721,1321390.2238859662
2025-06-08,Cloud Engineer,Hyderabad,3.68949405657158,1337706.6769948811
2025-06-09,Cloud Engineer,Hyderabad,3.5014889425891544,1317745.1772771238
2025-06-10,Cloud Engineer,Hyderabad,3.6682372345519245,1366904.7332116198
2025-06-11,Cloud Engineer,Hyderabad,3.48443363224959,1342740.5776624735
2025-06-12,Cloud Engineer,Hyderabad,3.8332477684933335,1323570.127234568
2025-06-13,Cloud Engineer,Hyderabad,3.9280723627033183,1353485.5274655102
2025-06-14,Cloud Engineer,Hyderabad,3.7552863002740944,1321593.1328994308
2025-06-15,Cloud Engineer,Hyderabad,3.694658508588364,1337909.5860084356
2025-06-16,Cloud Engineer,Hyderabad,3.5066533946052623,1317948.086290642
2025-06-17,Cloud Engineer,Hyderabad,3.6734016865683596,1367107.642225243
2025-06-18,Cloud Engineer,Hyderabad,3.489598084265745,1342943.486675887
2025-06-19,Cloud Engineer,Hyderabad,3.838412220509773,1323773.036248072
2025-05-21,Web and App Developer,Chennai,8.553960750820073,1313128.868485934
2025-05-22,Web and App Developer,Chennai,8.869178378692796,1317041.6017780835
2025-05-23,Web and App Developer,Chennai,8.36208844121119,1316885.6129588585
2025-05-24,Web and App Developer,Chennai,8.865993976259972,1322965.6357200788
2025-05-25,Web and App Developer,Chennai,9.009128025860793,1328660.9361210389
2025-05-26,Web and App Developer,Chennai,8.502022270716841,1321416.705906728
2025-05-27,Web and App Developer,Chennai,8.940571605969778,1322384.3720526467
2025-05-28,Web and App Developer,Chennai,8.556827848159566,1313068.0452126998
2025-05-29,Web and App Developer,Chennai,8.872045476032811,1316980.7785048625
2025-05-30,Web and App Developer,Chennai,8.364955538552207,1316824.789685635
2025-05-31,Web and App Developer,Chennai,8.868861073599241,1322904.8124468434
2025-06-01,Web and App Developer,Chennai,9.011995123198687,1328600.11284779
2025-06-02,Web and App Developer,Chennai,8.504889368054359,1321355.882633477
2025-06-03,Web and App Developer,Chennai,8.9434387033103,1322323.54877941
2025-06-04,Web and App Developer,Chennai,8.559694945499105,1313007.2219394746
2025-06-05,Web and App Developer,Chennai,8.874912573371853,1316919.9552316242
2025-06-06,Web and App Developer,Chennai,8.367822635890526,1316763.9664123869
2025-06-07,Web and App Developer,Chennai,8.871728170940475,1322843.9891736303
2025-06-08,Web and App Developer,Chennai,9.014862220538484,1328539.2895745595
2025-06-09,Web and App Developer,Chennai,8.507756465394818,1321295.0593602469
2025-06-10,Web and App Developer,Chennai,8.946305800649329,1322262.7255061716
2025-06-11,Web and App Developer,Chennai,8.5625620428386,1312946.3986662405
2025-06-12,Web and App Developer,Chennai,8.877779670711872,1316859.1319584034
2025-06-13,Web and App Developer,Chennai,8.370689733230469,1316703.1431391607
2025-06-14,Web and App Developer,Chennai,8.874595268277783,1322783.1659003722
2025-06-15,Web and App Developer,Chennai,9.017729317878885,1328478.4663013285
2025-06-16,Web and App Developer,Chennai,8.510623562733162,1321234.2360870147
2025-06-17,Web and App Developer,Chennai,8.949172897988358,1322201.902232933
2025-06-18,Web and App Developer,Chennai,8.565429140177967,1312885.5753929971
2025-06-19,Web and App Developer,Chennai,8.880646768050914,1316798.3086851654
2025-05-21,Cybersecurity Engineer,Mumbai,10.237591257954177,1363485.6696224094
2025-05-22,Cybersecurity Engineer,Mumbai,9.763327170833396,1362058.3817711333
2025-05-23,Cybersecurity Engineer,Mumbai,9.977414825259219,1353418.337428779
2025-05-24,Cybersecurity Engineer,Mumbai,10.548911875489356,1354609.017664969
2025-05-25,Cybersecurity Engineer,Mumbai,10.471269210487076,1367049.643567904
2025-05-26,Cybersecurity Engineer,Mumbai,10.195538618090445,1354404.0609346048
2025-05-27,Cybersecurity Engineer,Mumbai,10.475783636475834,1373674.1365584517
2025-05-28,Cybersecurity Engineer,Mumbai,10.239786227332027,1363978.5632553871
2025-05-29,Cybersecurity Engineer,Mumbai,9.765522140211571,1362551.2754041348
2025-05-30,Cybersecurity Engineer,Mumbai,9.979609794635605,1353911.231061814
2025-05-31,Cybersecurity Engineer,Mumbai,10.551106844867727,1355101.9112979367
2025-06-01,Cybersecurity Engineer,Mumbai,10.473464179864884,1367542.5372008542
2025-06-02,Cybersecurity Engineer,Mumbai,10.197733587468605,1354896.9545675693
2025-06-03,Cybersecurity Engineer,Mumbai,10.477978605854133,1374167.030191413
2025-06-04,Cybersecurity Engineer,Mumbai,10.241981196712013,1364471.4568883826
2025-06-05,Cybersecurity Engineer,Mumbai,9.76771710958954,1363044.169037089
2025-06-06,Cybersecurity Engineer,Mumbai,9.981804764014099,1354404.124694748
2025-06-07,Cybersecurity Engineer,Mumbai,10.553301814246321,1355594.8049309496
2025-06-08,Cybersecurity Engineer,Mumbai,10.475659149242857,1368035.430833834
2025-06-09,Cybersecurity Engineer,Mumbai,10.199928556846913,1355389.848200551
2025-06-10,Cybersecurity Engineer,Mumbai,10.480173575232495,1374659.9238244023
2025-06-11,Cybersecurity Engineer,Mumbai,10.244176166089865,1364964.3505213605
2025-06-12,Cybersecurity Engineer,Mumbai,9.769912078967714,1363537.0626700905
2025-06-13,Cybersecurity Engineer,Mumbai,9.983999733392833,1354897.0183277333
2025-06-14,Cybersecurity Engineer,Mumbai,10.555496783624468,1356087.6985638726
2025-06-15,Cybersecurity Engineer,Mumbai,10.47785411862234,1368528.3244668148
2025-06-16,Cybersecurity Engineer,Mumbai,10.202123526224845,1355882.7418335057
2025-06-17,Cybersecurity Engineer,Mumbai,10.48236854461086,1375152.8174573914
2025-06-18,Cybersecurity Engineer,Mumbai,10.246371135467585,1365457.2441543043
2025-06-19,Cybersecurity Engineer,Mumbai,9.772107048345685,1364029.956303045
2025-05-21,Cloud Engineer,Noida,3.9413915503067782,1332179.7462689087
2025-05-22,Cloud Engineer,Noida,3.8167506534604407,1361749.5431989552
2025-05-23,Cloud Engineer,Noida,3.716868967757395,1317302.8438212238
2025-05-24,Cloud Engineer,Noida,3.2992665862813095,1312389.4627881784
2025-05-25,Cloud Engineer,Noida,3.4200334986569176,1315899.1189279659
2025-05-26,Cloud Engineer,Noida,3.634170579674974,1294061.6938967458
2025-05-27,Cloud Engineer,Noida,3.4582150951403934,1296356.4295251004
2025-05-28,Cloud Engineer,Noida,3.9440418288364967,1332047.025519369
2025-05-29,Cloud Engineer,Noida,3.819400931989566,1361616.8224493754
2025-05-30,Cloud Engineer,Noida,3.719519246287401,1317170.123071794
2025-05-31,Cloud Engineer,Noida,3.3019168648109645,1312256.7420386039
2025-06-01,Cloud Engineer,Noida,3.4226837771873058,1315766.3981783579
2025-06-02,Cloud Engineer,Noida,3.6368208582054695,1293928.9731471057
2025-06-03,Cloud Engineer,Noida,3.460865373669376,1296223.708775585
2025-06-04,Cloud Engineer,Noida,3.9466921073650405,1331914.3047696368
2025-06-05,Cloud Engineer,Noida,3.8220512105190716,1361484.1016997907
2025-06-06,Cloud Engineer,Noida,3.7221695248171494,1317037.4023221794
2025-06-07,Cloud Engineer,Noida,3.3045671433396677,1312124.021289066
2025-06-08,Cloud Engineer,Noida,3.425334055716716,1315633.6774287925
2025-06-09,Cloud Engineer,Noida,3.6394711367343486,1293796.252397546
2025-06-10,Cloud Engineer,Noida,3.463515652199317,1296090.9880260096
2025-06-11,Cloud Engineer,Noida,3.9493423858947594,1331781.5840200968
2025-06-12,Cloud Engineer,Noida,3.8247014890481967,1361351.3809502108
2025-06-13,Cloud Engineer,Noida,3.7248198033461586,1316904.681572588
2025-06-14,Cloud Engineer,Noida,3.3072174218702766,1311991.3005394551
2025-06-15,Cloud Engineer,Noida,3.4279843342453535,1315500.9566792466
2025-06-16,Cloud Engineer,Noida,3.6421214152647847,1293663.5316480112
2025-06-17,Cloud Engineer,Noida,3.4661659307292583,1295958.2672764342
2025-06-18,Cloud Engineer,Noida,3.9519926644244223,1331648.863270571
2025-06-19,Cloud Engineer,Noida,3.827351767577702,1361218.6602006261
2025-05-21,Cloud Engineer,Gurgaon,3.050196359153819,1280881.4821154228
2025-05-22,Cloud Engineer,Gurgaon,2.992063163671828,1230845.582845579
2025-05-23,Cloud Engineer,Gurgaon,3.5714463872010342,1235579.605417487
2025-05-24,Cloud Engineer,Gurgaon,3.4572130246026256,1249820.4070570068
2025-05-25,Cloud Engineer,Gurgaon,3.442461128706841,1257155.845681887
2025-05-26,Cloud Engineer,Gurgaon,3.2143588351631895,1271471.2066886206
2025-05-27,Cloud Engineer,Gurgaon,3.0756990165085334,1257059.0958541455
2025-05-28,Cloud Engineer,Gurgaon,3.0483359488044064,1279361.6341515263
2025-05-29,Cloud Engineer,Gurgaon,2.9902027533227833,1229325.7348816355
2025-05-30,Cloud Engineer,Gurgaon,3.5695859768504588,1234059.7574534765
2025-05-31,Cloud Engineer,Gurgaon,3.4553526142531394,1248300.5590931661
2025-06-01,Cloud Engineer,Gurgaon,3.4406007183577207,1255635.9977180744
2025-06-02,Cloud Engineer,Gurgaon,3.212498424814634,1269951.3587248162
2025-06-03,Cloud Engineer,Gurgaon,3.073838606157898,1255539.2478902463
2025-06-04,Cloud Engineer,Gurgaon,3.046475538455212,1277841.7861877023
2025-06-05,Cloud Engineer,Gurgaon,2.988342342973425,1227805.8869177492
2025-06-06,Cloud Engineer,Gurgaon,3.5677255665012098,1232539.9094896684
2025-06-07,Cloud Engineer,Gurgaon,3.453492203903229,1246780.7111292318
2025-06-08,Cloud Engineer,Gurgaon,3.4387403080078984,1254116.1497541773
2025-06-09,Cloud Engineer,Gurgaon,3.2106380144643945,1268431.510760893
2025-06-10,Cloud Engineer,Gurgaon,3.071978195808893,1254019.399926391
2025-06-11,Cloud Engineer,Gurgaon,3.0446151281057996,1276321.9382238057
2025-06-12,Cloud Engineer,Gurgaon,2.9864819326243794,1226286.0389538063
2025-06-13,Cloud Engineer,Gurgaon,3.5658651561518986,1231020.061525777
2025-06-14,Cloud Engineer,Gurgaon,3.451631793554167,1245260.8631654843
2025-06-15,Cloud Engineer,Gurgaon,3.436879897658887,1252596.3017902735
2025-06-16,Cloud Engineer,Gurgaon,3.2087776041162446,1266911.6627970785
2025-06-17,Cloud Engineer,Gurgaon,3.070117785459889,1252499.551962536
2025-06-18,Cloud Engineer,Gurgaon,3.042754717755761,1274802.0902599285
2025-06-19,Cloud Engineer,Gurgaon,2.984621522275021,1224766.19098992
2025-05-17,Other,Noida,1.3248647603890047,1407668.3457707318
2025-05-18,Other,Noida,1.2869801345533973,1399650.6096454344
2025-05-19,Other,Noida,1.1381312491897768,1306875.5010845263
2025-05-20,Other,Noida,1.3982293294893346,1374902.194542225
2025-05-21,Other,Noida,1.2879750951728794,1382973.4113821974
2025-05-22,Other,Noida,1.1623601768413874,1338591.5242107415
2025-05-23,Other,Noida,1.3120735590832289,1442098.9218900013
2025-05-24,Other,Noida,1.3256134249752811,1408018.095847094
2025-05-25,Other,Noida,1.287728799139454,1400000.359721615
2025-05-26,Other,Noida,1.138879913775921,1307225.2511606554
2025-05-27,Other,Noida,1.3989779940758182,1375251.9446187073
2025-05-28,Other,Noida,1.2887237597590142,1383323.1614585016
2025-05-29,Other,Noida,1.1631088414278736,1338941.2742871663
2025-05-30,Other,Noida,1.3128222236692308,1442448.6719661674
2025-05-31,Other,Noida,1.3263620895613553,1408367.845923342
2025-06-01,Other,Noida,1.2884774637254564,1400350.109797904
2025-06-02,Other,Noida,1.13962857836235,1307575.0012371677
2025-06-03,Other,Noida,1.3997266586616794,1375601.6946947149
2025-06-04,Other,Noida,1.2894724243458442,1383672.9115349038
2025-06-05,Other,Noida,1.163857506013918,1339291.024363403
2025-06-06,Other,Noida,1.3135708882552437,1442798.4220424066
2025-06-07,Other,Noida,1.3271107541476699,1408717.5959995873
2025-06-08,Other,Noida,1.2892261283115127,1400699.8598740848
2025-06-09,Other,Noida,1.140377242948494,1307924.7513132966
2025-06-10,Other,Noida,1.400475323248163,1375951.4447711972
2025-06-11,Other,Noida,1.2902210889319787,1384022.6616112078
2025-06-12,Other,Noida,1.164606170600404,1339640.7744398278
2025-06-13,Other,Noida,1.314319552841635,1443148.172118749
2025-06-14,Other,Noida,1.327859418733504,1409067.3460758387
2025-06-15,Other,Noida,1.2899747928982384,1401049.6099506118
2025-05-21,Cloud Engineer,Chennai,3.4808324653673295,1318004.0020295556
2025-05-22,Cloud Engineer,Chennai,3.0503851883814566,1315721.8864333087
2025-05-23,Cloud Engineer,Chennai,3.019134773194702,1284487.5793260876
2025-05-24,Cloud Engineer,Chennai,3.620599216314598,1306316.5993190221
2025-05-25,Cloud Engineer,Chennai,3.2954501635756888,1320615.9181765877
2025-05-26,Cloud Engineer,Chennai,3.2193506986604223,1309738.7085160047
2025-05-27,Cloud Engineer,Chennai,2.9528184139134366,1305975.6256977604
2025-05-28,Cloud Engineer,Chennai,3.4782080657403456,1317968.525877261
2025-05-29,Cloud Engineer,Chennai,3.0477607887534606,1315686.4102809853
2025-05-30,Cloud Engineer,Chennai,3.01651037356527,1284452.1031738222
2025-05-31,Cloud Engineer,Chennai,3.617974816688389,1306281.1231667418
2025-06-01,Cloud Engineer,Chennai,3.292825763949148,1320580.4420242712
2025-06-02,Cloud Engineer,Chennai,3.2167262990335406,1309703.2323636552
2025-06-03,Cloud Engineer,Chennai,2.950194014287696,1305940.1495455073
2025-06-04,Cloud Engineer,Chennai,3.4755836661134936,1317933.0497249248
2025-06-05,Cloud Engineer,Chennai,3.0451363891268106,1315650.93412867
2025-06-06,Cloud Engineer,Chennai,3.0138859739398334,1284416.627021515
2025-06-07,Cloud Engineer,Chennai,3.6153504170610873,1306245.6470144794
2025-06-08,Cloud Engineer,Chennai,3.2902013643219927,1320544.9658719816
2025-06-09,Cloud Engineer,Chennai,3.2141018994066264,1309667.756211368
2025-06-10,Cloud Engineer,Chennai,2.947569614660785,1305904.6733931964
2025-06-11,Cloud Engineer,Chennai,3.4729592664865097,1317897.5735726303
2025-06-12,Cloud Engineer,Chennai,3.0425119894988146,1315615.4579763464
2025-06-13,Cloud Engineer,Chennai,3.011261574313043,1284381.1508692135
2025-06-14,Cloud Engineer,Chennai,3.612726017435971,1306210.1708621809
2025-06-15,Cloud Engineer,Chennai,3.287576964696486,1320509.4897196826
2025-06-16,Cloud Engineer,Chennai,3.2114774997807674,1309632.2800590955
2025-06-17,Cloud Engineer,Chennai,2.944945215033874,1305869.1972408856
2025-06-18,Cloud Engineer,Chennai,3.4703348668605973,1317862.0974203567
2025-06-19,Cloud Engineer,Chennai,3.0398875898721647,1315579.9818240316
2025-05-21,Cloud Engineer,Ahmedabad,3.1135634347197394,1302308.8900103131
2025-05-22,Cloud Engineer,Ahmedabad,3.285932517350262,1316942.5586411634
2025-05-23,Cloud Engineer,Ahmedabad,2.9844452681422156,1355624.6976801085
2025-05-24,Cloud Engineer,Ahmedabad,3.1724270745533647,1299785.8960185647
2025-05-25,Cloud Engineer,Ahmedabad,3.4424505068586786,1312848.657294936
2025-05-26,Cloud Engineer,Ahmedabad,3.2427681729487285,1270611.1151215339
2025-05-27,Cloud Engineer,Ahmedabad,3.3080522345071914,1302571.374264958
2025-05-28,Cloud Engineer,Ahmedabad,3.111177528533371,1302109.1864726255
2025-05-29,Cloud Engineer,Ahmedabad,3.2835466111641023,1316742.8551035547
2025-05-30,Cloud Engineer,Ahmedabad,2.9820593619568894,1355424.994142502
2025-05-31,Cloud Engineer,Ahmedabad,3.170041168366916,1299586.1924807986
2025-06-01,Cloud Engineer,Ahmedabad,3.4400646006716875,1312648.953757212
2025-06-02,Cloud Engineer,Ahmedabad,3.240382266761431,1270411.4115839154
2025-06-03,Cloud Engineer,Ahmedabad,3.3056663283210175,1302371.6707270625
2025-06-04,Cloud Engineer,Ahmedabad,3.1087916223467813,1301909.4829348722
2025-06-05,Cloud Engineer,Ahmedabad,3.2811607049774327,1316543.1515658074
2025-06-06,Cloud Engineer,Ahmedabad,2.979673455769814,1355225.2906046906
2025-06-07,Cloud Engineer,Ahmedabad,3.167655262181347,1299386.4889430702
2025-06-08,Cloud Engineer,Ahmedabad,3.4376786944855104,1312449.250219458
2025-06-09,Cloud Engineer,Ahmedabad,3.2379963605753073,1270211.7080461134
2025-06-10,Cloud Engineer,Ahmedabad,3.3032804221343564,1302171.9671894372
2025-06-11,Cloud Engineer,Ahmedabad,3.1064057161604124,1301709.7793971845
2025-06-12,Cloud Engineer,Ahmedabad,3.2787747987912725,1316343.4480281984
2025-06-13,Cloud Engineer,Ahmedabad,2.9772875495835094,1355025.5870669766
2025-06-14,Cloud Engineer,Ahmedabad,3.1652693559940177,1299186.785405267
2025-06-15,Cloud Engineer,Ahmedabad,3.435292788298892,1312249.5466817752
2025-06-16,Cloud Engineer,Ahmedabad,3.2356104543887496,1270012.0045084779
2025-06-17,Cloud Engineer,Ahmedabad,3.3008945159476952,1301972.2636518115
2025-06-18,Cloud Engineer,Ahmedabad,3.104019809973896,1301510.0758593446
2025-06-19,Cloud Engineer,Ahmedabad,3.276388892604603,1316143.7444904512
2025-05-21,Cloud Engineer,Bangalore,3.289354948746899,1303609.8294568877
2025-05-22,Cloud Engineer,Bangalore,3.252392611461436,1304238.9959867767
2025-05-23,Cloud Engineer,Bangalore,3.3953096398234766,1317449.8589914262
2025-05-24,Cloud Engineer,Bangalore,3.5283286923210313,1318199.8812120473
2025-05-25,Cloud Engineer,Bangalore,3.121117366066441,1354335.4328504594
2025-05-26,Cloud Engineer,Bangalore,3.34664044075096,1288692.188363339
2025-05-27,Cloud Engineer,Bangalore,2.944519314170622,1335315.1475531354
2025-05-28,Cloud Engineer,Bangalore,3.2876007553044313,1303714.9433835135
2025-05-29,Cloud Engineer,Bangalore,3.250638418018232,1304344.1099135033
2025-05-30,Cloud Engineer,Bangalore,3.3935554463792887,1317554.9729181458
2025-05-31,Cloud Engineer,Bangalore,3.526574498878907,1318304.9951386314
2025-06-01,Cloud Engineer,Bangalore,3.1193631726245195,1354440.5467770007
2025-06-02,Cloud Engineer,Bangalore,3.34488624730866,1288797.3022899567
2025-06-03,Cloud Engineer,Bangalore,2.9427651207289722,1335420.2614796276
2025-06-04,Cloud Engineer,Bangalore,3.285846561861565,1303820.057310182
2025-06-05,Cloud Engineer,Bangalore,3.248884224576338,1304449.2238400567
2025-06-06,Cloud Engineer,Bangalore,3.391801252938066,1317660.0868446373
2025-06-07,Cloud Engineer,Bangalore,3.524820305435686,1318410.1090653383
2025-06-08,Cloud Engineer,Bangalore,3.1176089791819552,1354545.660703599
2025-06-09,Cloud Engineer,Bangalore,3.3431320538662415,1288902.4162165336
2025-06-10,Cloud Engineer,Bangalore,2.9410109272862526,1335525.3754063067
2025-06-11,Cloud Engineer,Bangalore,3.284092368419097,1303925.171236808
2025-06-12,Cloud Engineer,Bangalore,3.2471300311331337,1304554.3377667835
2025-06-13,Cloud Engineer,Bangalore,3.3900470594955077,1317765.2007712927
2025-06-14,Cloud Engineer,Bangalore,3.5230661119946607,1318515.2229917992
2025-06-15,Cloud Engineer,Bangalore,3.115854785739999,1354650.7746302783
2025-06-16,Cloud Engineer,Bangalore,3.3413778604243007,1289007.5301431916
2025-06-17,Cloud Engineer,Bangalore,2.939256733843533,1335630.4893329856
2025-06-18,Cloud Engineer,Bangalore,3.2823381749776526,1304030.285163286
2025-06-19,Cloud Engineer,Bangalore,3.2453758376912387,1304659.4516933365
2025-05-20,Other,Ahmedabad,1.1755988886235431,1404224.4889503354
2025-05-21,Other,Ahmedabad,1.0746977495207544,1481004.3588599784
2025-05-22,Other,Ahmedabad,1.2448023888824655,1432967.733305712
2025-05-23,Other,Ahmedabad,1.1786900900239239,1307239.9398318252
2025-05-24,Other,Ahmedabad,1.0379128848994794,1476052.6103165713
2025-05-25,Other,Ahmedabad,0.9533595891017723,1334797.6116878989
2025-05-26,Other,Ahmedabad,1.1730155951638581,1493072.639169341
2025-05-27,Other,Ahmedabad,1.1739779926607241,1405409.0612700921
2025-05-28,Other,Ahmedabad,1.0730768535581918,1482188.9311799395
2025-05-29,Other,Ahmedabad,1.2431814929199345,1434152.3056253195
2025-05-30,Other,Ahmedabad,1.1770691940618754,1308424.5121513847
2025-05-31,Other,Ahmedabad,1.036291988936785,1477237.1826367748
2025-06-01,Other,Ahmedabad,0.9517386931391818,1335982.184007984
2025-06-02,Other,Ahmedabad,1.1713946992010926,1494257.2114890905
2025-06-03,Other,Ahmedabad,1.17235709669846,1406593.6335908733
2025-06-04,Other,Ahmedabad,1.0714559575955298,1483373.5035000066
2025-06-05,Other,Ahmedabad,1.2415605969575325,1435336.8779455202
2025-06-06,Other,Ahmedabad,1.175448298099243,1309609.084471857
2025-06-07,Other,Ahmedabad,1.0346710929742067,1478421.754956751
2025-06-08,Other,Ahmedabad,0.9501177971768078,1337166.756328115
2025-06-09,Other,Ahmedabad,1.169773803238876,1495441.7838094593
2025-06-10,Other,Ahmedabad,1.1707362007356408,1407778.20591063
2025-06-11,Other,Ahmedabad,1.069835061632967,1484558.0758199682
2025-06-12,Other,Ahmedabad,1.2399397009950015,1436521.4502651277
2025-06-13,Other,Ahmedabad,1.1738274021366033,1310793.6567918737
2025-06-14,Other,Ahmedabad,1.0330501970113957,1479606.3272771817
2025-06-15,Other,Ahmedabad,0.9484969012138496,1338351.328648244
2025-06-16,Other,Ahmedabad,1.168152907275556,1496626.3561291562
2025-06-17,Other,Ahmedabad,1.169115304772822,1408962.7782303866
2025-06-18,Other,Ahmedabad,1.06821416567063,1485742.6481405427
2025-05-15,Other,Kolkata,1.3366165106950936,1269424.992095763
2025-05-16,Other,Kolkata,1.4006981562450653,1274852.267767361
2025-05-17,Other,Kolkata,1.2947414844006757,1373318.567735819
2025-05-18,Other,Kolkata,1.2685591938901106,1283776.208541794
2025-05-19,Other,Kolkata,1.4320378530417994,1287904.0528916062
2025-05-20,Other,Kolkata,1.163001291714204,1310297.8760203563
2025-05-21,Other,Kolkata,1.4459417871369682,1279954.0816374863
2025-05-22,Other,Kolkata,1.3370582647812927,1268937.5028298227
2025-05-23,Other,Kolkata,1.4011399103302669,1274364.7785013278
2025-05-24,Other,Kolkata,1.2951832384863604,1372831.0784697349
2025-05-25,Other,Kolkata,1.2690009479754518,1283288.7192756922
2025-05-26,Other,Kolkata,1.4324796071268635,1287416.5636256647
2025-05-27,Other,Kolkata,1.1634430457997447,1309810.38675415
2025-05-28,Other,Kolkata,1.4463835412224575,1279466.5923713264
2025-05-29,Other,Kolkata,1.3375000188663193,1268450.0135636514
2025-05-30,Other,Kolkata,1.4015816644151275,1273877.2892349304
2025-05-31,Other,Kolkata,1.2956249925720125,1372343.5892036427
2025-06-01,Other,Kolkata,1.2694427020615244,1282801.230009478
2025-06-02,Other,Kolkata,1.4329213612128684,1286929.0743593941
2025-06-03,Other,Kolkata,1.1638847998850528,1309322.89748831
2025-06-04,Other,Kolkata,1.446825295307487,1278979.1031053897
2025-06-05,Other,Kolkata,1.3379417729519323,1267962.5242975953
2025-06-06,Other,Kolkata,1.4020234185011247,1273389.79996894
2025-06-07,Other,Kolkata,1.2960667466568172,1371856.09993759
2025-06-08,Other,Kolkata,1.2698844561468656,1282313.7407433765
2025-06-09,Other,Kolkata,1.4333631152979323,1286441.5850934526
2025-06-10,Other,Kolkata,1.1643265539705936,1308835.4082221033
2025-06-11,Other,Kolkata,1.447267049392976,1278491.61383923
2025-06-12,Other,Kolkata,1.338383527036959,1267475.0350314237
2025-06-13,Other,Kolkata,1.402465172586326,1272902.3107029072
2025-05-17,Other,Chennai,1.4236518061120031,1419313.0172186932
2025-05-18,Other,Chennai,1.3167610740481186,1525969.9632815123
2025-05-19,Other,Chennai,1.163347839987628,1550535.8901122352
2025-05-20,Other,Chennai,1.3674805115440019,1396657.8547656701
2025-05-21,Other,Chennai,1.464567648993503,1480509.7107232
2025-05-22,Other,Chennai,1.5303577367689507,1440945.8736762255
2025-05-23,Other,Chennai,1.2539454046549483,1524200.6773962968
2025-05-24,Other,Chennai,1.424668113747771,1421618.0822326501
2025-05-25,Other,Chennai,1.317777381684206,1528275.028295453
2025-05-26,Other,Chennai,1.1643641476240925,1552840.9551258679
2025-05-27,Other,Chennai,1.3684968191799523,1398962.9197798064
2025-05-28,Other,Chennai,1.4655839566295956,1482814.775737251
2025-05-29,Other,Chennai,1.531374044404912,1443250.9386901918
2025-05-30,Other,Chennai,1.2549617122914218,1526505.7424101946
2025-05-31,Other,Chennai,1.4256844213837923,1423923.1472467268
2025-06-01,Other,Chennai,1.3187936893197398,1530580.0933097976
2025-06-02,Other,Chennai,1.1653804552594762,1555146.0201402656
2025-06-03,Other,Chennai,1.3695131268167435,1401267.9847933725
2025-06-04,Other,Chennai,1.4666002642653422,1485119.840751056
2025-06-05,Other,Chennai,1.5323903520408444,1445556.003704207
2025-06-06,Other,Chennai,1.2559780199272788,1528810.8074242978
2025-06-07,Other,Chennai,1.4267007290202702,1426228.212260458
2025-06-08,Other,Chennai,1.3198099969558268,1532885.1583237383
2025-06-09,Other,Chennai,1.1663967628959406,1557451.0851538982
2025-06-10,Other,Chennai,1.370529434452694,1403573.049807509
2025-06-11,Other,Chennai,1.467616571901435,1487424.9057651067
2025-06-12,Other,Chennai,1.5334066596768057,1447861.0687181735
2025-06-13,Other,Chennai,1.2569943275634052,1531115.8724381821
2025-06-14,Other,Chennai,1.427717036655835,1428533.2772748806
2025-06-15,Other,Chennai,1.3208263045925641,1535190.223337369
2025-05-20,Other,Hyderabad,1.5475110373743077,1181503.2021088614
2025-05-21,Other,Hyderabad,1.5407836925323877,1235147.9473379494
2025-05-22,Other,Hyderabad,1.573863984479164,1296051.410916084
2025-05-23,Other,Hyderabad,1.4283903586767823,1260976.582065652
2025-05-24,Other,Hyderabad,1.4325839709311154,1229958.8485810992
2025-05-25,Other,Hyderabad,1.448218763241898,1086954.0054663986
2025-05-26,Other,Hyderabad,1.5147598559644933,1244224.9151479865
2025-05-27,Other,Hyderabad,1.5503150092208144,1180379.0596974122
2025-05-28,Other,Hyderabad,1.5435876643790072,1234023.8049266736
2025-05-29,Other,Hyderabad,1.5766679563257158,1294927.2685046205
2025-05-30,Other,Hyderabad,1.4311943305237786,1259852.439654278
2025-05-31,Other,Hyderabad,1.4353879427777276,1228834.7061698404
2025-06-01,Other,Hyderabad,1.4510227350884384,1085829.863055211
2025-06-02,Other,Hyderabad,1.5175638278108945,1243100.7727366246
2025-06-03,Other,Hyderabad,1.5531189810676984,1179254.9172865339
2025-06-04,Other,Hyderabad,1.5463916362255459,1232899.6625152375
2025-06-05,Other,Hyderabad,1.5794719281723142,1293803.1260935324
2025-06-06,Other,Hyderabad,1.4339983023703096,1258728.2972432452
2025-06-07,Other,Hyderabad,1.43819191462447,1227710.5637583986
2025-06-08,Other,Hyderabad,1.4538267069351674,1084705.7206440042
2025-06-09,Other,Hyderabad,1.520367799657714,1241976.6303255581
2025-06-10,Other,Hyderabad,1.5559229529142051,1178130.7748750844
2025-06-11,Other,Hyderabad,1.5491956080721654,1231775.5201039617
2025-06-12,Other,Hyderabad,1.5822759000188664,1292678.9836820692
2025-06-13,Other,Hyderabad,1.4368022742168873,1257604.1548319026
2025-06-14,Other,Hyderabad,1.4409958864709516,1226586.4213473222
2025-06-15,Other,Hyderabad,1.4566306787816132,1083581.578232693
2025-06-16,Other,Hyderabad,1.5231717715039865,1240852.4879139708
2025-06-17,Other,Hyderabad,1.5587269247607118,1177006.632463635
2025-06-18,Other,Hyderabad,1.5519995799189157,1230651.3776930526
2025-05-18,Other,Bangalore,1.104981934513273,1392344.6102898086
2025-05-19,Other,Bangalore,1.0421157299831012,1326663.5551945358
2025-05-20,Other,Bangalore,1.1823874989893335,1331967.2567390776
2025-05-21,Other,Bangalore,1.1133173024182228,1302157.3230692078
2025-05-22,Other,Bangalore,1.0961234202595949,1403091.221228409
2025-05-23,Other,Bangalore,1.1451746478996607,1410478.2618652394
2025-05-24,Other,Bangalore,1.1282551581264755,1447653.1648755434
2025-05-25,Other,Bangalore,1.1018112641418485,1393159.0017565275
2025-05-26,Other,Bangalore,1.0389450596117495,1327477.9466613508
2025-05-27,Other,Bangalore,1.179216828618052,1332781.6482057036
2025-05-28,Other,Bangalore,1.1101466320468198,1302971.7145359444
2025-05-29,Other,Bangalore,1.0929527498883838,1403905.6126952055
2025-05-30,Other,Bangalore,1.142003977528344,1411292.6533319864
2025-05-31,Other,Bangalore,1.1250844877549946,1448467.5563422071
2025-06-01,Other,Bangalore,1.0986405937703199,1393973.3932230605
2025-06-02,Other,Bangalore,1.0357743892404043,1328292.3381278324
2025-06-03,Other,Bangalore,1.176046158246551,1333596.039672558
2025-06-04,Other,Bangalore,1.106975961675678,1303786.1060025345
2025-06-05,Other,Bangalore,1.0897820795169315,1404720.0041619586
2025-06-06,Other,Bangalore,1.1388333071568058,1412107.0447986403
2025-06-07,Other,Bangalore,1.1219138173837044,1449281.9478090391
2025-06-08,Other,Bangalore,1.0954699233988952,1394787.7846897796
2025-06-09,Other,Bangalore,1.0326037188690524,1329106.7295946474
2025-06-10,Other,Bangalore,1.1728754878752694,1334410.431139184
2025-06-11,Other,Bangalore,1.103805291304275,1304600.4974692708
2025-06-12,Other,Bangalore,1.0866114091457204,1405534.3956287552
2025-06-13,Other,Bangalore,1.1356626367855074,1412921.4362654116
2025-06-14,Other,Bangalore,1.1187431470120328,1450096.3392755343
2025-06-15,Other,Bangalore,1.0922992530277373,1395602.1761567306
2025-06-16,Other,Bangalore,1.0294330484974286,1329921.1210613088
2025-05-20,Other,Gurgaon,1.2082240638828416,1416654.0209388263
2025-05-21,Other,Gurgaon,1.3796747170195318,1298810.1721954593
2025-05-22,Other,Gurgaon,1.2680616628665342,1341502.0336772646
2025-05-23,Other,Gurgaon,1.3909640674651478,1363309.2223346329
2025-05-24,Other,Gurgaon,1.5773712479706272,1346481.38188535
2025-05-25,Other,Gurgaon,1.3529619010604328,1428354.615597141
2025-05-26,Other,Gurgaon,1.205608641408521,1331423.7815562475
2025-05-27,Other,Gurgaon,1.2090316454923071,1416879.65152734
2025-05-28,Other,Gurgaon,1.3804822986288723,1299035.802783927
2025-05-29,Other,Gurgaon,1.2688692444756926,1341727.6642659837
2025-05-30,Other,Gurgaon,1.3917716490734418,1363534.852923416
2025-05-31,Other,Gurgaon,1.5781788295801078,1346707.0124737099
2025-06-01,Other,Gurgaon,1.3537694826697593,1428580.246185422
2025-06-02,Other,Gurgaon,1.2064162230179412,1331649.4121446407
2025-06-03,Other,Gurgaon,1.2098392271019376,1417105.2821155621
2025-06-04,Other,Gurgaon,1.3812898802382867,1299261.4333725085
2025-06-05,Other,Gurgaon,1.2696768260851419,1341953.2948543339
2025-06-06,Other,Gurgaon,1.3925792306832465,1363760.48351157
2025-06-07,Other,Gurgaon,1.5789864111893086,1346932.6430623839
2025-06-08,Other,Gurgaon,1.3545770642788983,1428805.8767738906
2025-06-09,Other,Gurgaon,1.2072238046272452,1331875.0427330793
2025-06-10,Other,Gurgaon,1.210646808711403,1417330.9127040762
2025-06-11,Other,Gurgaon,1.3820974618476272,1299487.0639609762
2025-06-12,Other,Gurgaon,1.2704844076943003,1342178.9254430535
2025-06-13,Other,Gurgaon,1.393386812292735,1363986.1141001028
2025-06-14,Other,Gurgaon,1.5797939927990683,1347158.2736504297
2025-06-15,Other,Gurgaon,1.3553846458892456,1429031.5073623452
2025-06-16,Other,Gurgaon,1.2080313862369527,1332100.6733214848
2025-06-17,Other,Gurgaon,1.2114543903208683,1417556.54329259
2025-06-18,Other,Gurgaon,1.3829050434571748,1299712.6945491582
2025-05-21,Other,Pune,1.5450803801089685,1240654.8382381487
2025-05-22,Other,Pune,1.582447825160448,1247207.3208555004
2025-05-23,Other,Pune,1.3455942236647653,1263888.8693478033
2025-05-24,Other,Pune,1.4558213844021513,1360386.7183371994
2025-05-25,Other,Pune,1.4473279025940107,1261240.6312100796
2025-05-26,Other,Pune,1.629429320088184,1272633.7551203342
2025-05-27,Other,Pune,1.4845100762735877,1269622.0259586542
2025-05-28,Other,Pune,1.5470060881949008,1240420.5234363573
2025-05-29,Other,Pune,1.5843735332460116,1246973.006053687
2025-05-30,Other,Pune,1.3475199317508095,1263654.5545457355
2025-05-31,Other,Pune,1.4577470924882603,1360152.4035354748
2025-06-01,Other,Pune,1.449253610680018,1261006.3164082433
2025-06-02,Other,Pune,1.631355028173721,1272399.440318419
2025-06-03,Other,Pune,1.4864357843602256,1269387.7111571913
2025-06-04,Other,Pune,1.5489317962805929,1240186.2086347472
2025-06-05,Other,Pune,1.5862992413320791,1246738.6912520232
2025-06-06,Other,Pune,1.3494456398369916,1263420.2397441373
2025-06-07,Other,Pune,1.4596728005742599,1359918.0887337653
2025-06-08,Other,Pune,1.4511793187661681,1260772.0016065086
2025-06-09,Other,Pune,1.6332807362599926,1272165.1255168403
2025-06-10,Other,Pune,1.4883614924458262,1269153.3963553251
2025-06-11,Other,Pune,1.550857504366525,1239951.893832956
2025-06-12,Other,Pune,1.588224949417643,1246504.3764502099
2025-06-13,Other,Pune,1.3513713479228333,1263185.9249424643
2025-06-14,Other,Pune,1.4615985086604784,1359683.7739320255
2025-06-15,Other,Pune,1.4531050268517682,1260537.6868050147
2025-06-16,Other,Pune,1.6352064443456942,1271930.8107148947
2025-06-17,Other,Pune,1.4902872005314267,1268919.081553459
2025-06-18,Other,Pune,1.5527832124530245,1239717.5790313594
2025-06-19,Other,Pune,1.5901506575037105,1246270.061648546
2025-05-16,Other,Mumbai,1.0212484885118214,1372382.6198630692
2025-05-17,Other,Mumbai,1.3434909560802613,1474351.7712647445
2025-05-18,Other,Mumbai,1.2065546289434892,1447618.52769762
2025-05-19,Other,Mumbai,1.110926773030696,1428139.895924324
2025-05-20,Other,Mumbai,1.2277022578669032,1384317.3693280164
2025-05-21,Other,Mumbai,1.1588641133619069,1465406.6190168802
2025-05-22,Other,Mumbai,1.172858990307463,1347049.3809381584
2025-05-23,Other,Mumbai,1.0194735465282287,1373946.1200745173
2025-05-24,Other,Mumbai,1.3417160140960658,1475915.2714759826
2025-05-25,Other,Mumbai,1.2047796869597653,1449182.0279089748
2025-05-26,Other,Mumbai,1.1091518310474136,1429703.3961356676
2025-05-27,Other,Mumbai,1.225927315882824,1385880.8695394937
2025-05-28,Other,Mumbai,1.15708917137802,1466970.1192282736
2025-05-29,Other,Mumbai,1.1710840483235392,1348612.8811494065
2025-05-30,Other,Mumbai,1.0176986045441736,1375509.6202854218
2025-05-31,Other,Mumbai,1.3399410721123102,1477478.7716875372
2025-06-01,Other,Mumbai,1.2030047449754662,1450745.5281205098
2025-06-02,Other,Mumbai,1.1073768890628748,1431266.8963472021
2025-06-03,Other,Mumbai,1.224152373899858,1387444.369750987
2025-06-04,Other,Mumbai,1.155314229394458,1468533.619439812
2025-06-05,Other,Mumbai,1.1693091063397345,1350176.381360845
2025-06-06,Other,Mumbai,1.0159236625604202,1377073.1204971028
2025-06-07,Other,Mumbai,1.3381661301289633,1479042.2718988622
2025-06-08,Other,Mumbai,1.2012298029917425,1452309.0283318646
2025-06-09,Other,Mumbai,1.1056019470795926,1432830.3965585458
2025-06-10,Other,Mumbai,1.2223774319157792,1389007.869962464
2025-06-11,Other,Mumbai,1.1535392874105714,1470097.1196512054
2025-06-12,Other,Mumbai,1.1675341643558106,1351739.8815720929
2025-06-13,Other,Mumbai,1.0141487205768278,1378636.6207085513
2025-06-14,Other,Mumbai,1.3363911881447994,1480605.7721106461
